participant,repetition,x_mm,y_mm,time,force_N
1,1,18.556,31.437,0,0.3
1,1,18.556,31.437,0.0242,0.54
1,1,18.556,31.437,0.0473,0.66
1,1,18.556,31.437,0.0724,0.77
1,1,18.556,31.437,0.0969,0.96
1,1,18.556,31.437,0.1223,1.11
1,1,18.556,31.437,0.1479,1.24
1,1,18.556,31.437,0.1722,1.28
1,1,18.556,31.437,0.197,1.27
1,1,18.556,31.437,0.2224,1.21
1,1,18.556,31.437,0.2478,1.18
1,1,18.556,31.437,0.2722,1.12
1,1,18.556,31.437,0.2972,1.07
1,1,18.556,31.437,0.3223,1.02
1,1,18.556,31.437,0.3517,0.96
1,1,18.556,31.437,0.3729,0.92
1,1,18.556,31.437,0.3972,0.91
1,1,18.556,31.437,0.4225,0.91
1,1,18.556,31.437,0.4478,0.9
1,1,18.556,31.437,0.4745,0.9
1,1,18.556,31.437,0.4972,0.91
1,1,18.556,31.437,0.5242,0.92
1,1,18.556,31.437,0.5474,0.92
1,1,18.556,31.437,0.5722,0.98
1,1,18.556,31.437,0.5984,1.02
1,1,18.556,31.437,0.6235,1.04
1,1,18.556,31.437,0.6506,1.05
1,1,18.556,31.437,0.6724,1.04
1,1,18.556,31.437,0.6979,1.03
1,1,18.556,31.437,0.7222,1.03
1,1,18.556,31.437,0.7469,1.03
1,1,18.556,31.437,0.7728,1.03
1,1,18.556,31.437,0.7973,1.03
1,1,18.556,31.437,0.8224,1.04
1,1,18.556,31.437,0.8474,1.05
1,1,18.556,31.437,0.875,1.07
1,1,18.556,31.437,0.8973,1.09
1,1,18.556,31.437,0.9222,1.12
1,1,18.556,31.437,0.9471,1.15
1,1,18.556,31.437,0.9722,1.19
1,1,18.556,31.437,0.9975,1.25
1,1,18.556,31.437,1.0225,1.31
1,1,18.556,31.437,1.0509,1.35
1,1,18.556,31.437,1.0721,1.4
1,1,18.556,31.437,1.0979,1.44
1,1,18.556,31.437,1.124,1.54
1,1,18.556,31.437,1.1476,1.63
1,1,18.556,31.437,1.1723,1.72
1,1,18.556,31.437,1.1975,1.76
1,1,18.556,31.437,1.2226,1.76
1,1,18.556,31.437,1.2486,1.77
1,1,18.556,31.437,1.2721,1.77
1,1,18.556,31.437,1.2971,1.77
1,1,18.556,31.437,1.3224,1.77
1,1,18.556,31.207,1.3475,1.77
1,1,18.556,30.747,1.3724,1.76
1,1,18.556,30.134,1.3989,1.75
1,1,18.479,29.06,1.4221,1.74
1,1,18.479,28.14,1.4517,1.72
1,1,18.402,27.603,1.4726,1.7
1,1,18.326,26.3,1.4969,1.68
1,1,18.249,24.843,1.5224,1.67
1,1,18.249,24.076,1.5472,1.66
1,1,18.172,23.003,1.5724,1.66
1,1,18.096,21.469,1.5973,1.66
1,1,18.096,20.626,1.6221,1.66
1,1,18.096,19.859,1.6476,1.67
1,1,18.096,18.786,1.6731,1.68
1,1,18.096,17.865,1.6975,1.68
1,1,18.096,16.869,1.7219,1.68
1,1,18.096,16.255,1.7507,1.69
1,1,18.096,15.949,1.772,1.72
1,1,18.096,15.565,1.8009,1.75
1,1,18.096,15.259,1.8225,1.75
1,1,18.096,14.798,1.8471,1.76
1,1,18.096,14.338,1.873,1.76
1,1,18.096,14.032,1.8973,1.78
1,1,18.096,13.495,1.9223,1.81
1,1,18.096,12.805,1.947,1.82
1,1,18.096,12.268,1.9778,1.82
1,1,18.096,11.961,1.9974,1.83
1,1,18.096,11.731,2.0225,1.85
1,1,18.096,11.655,2.047,1.87
1,1,18.096,11.655,2.0722,1.89
1,1,18.096,11.655,2.0978,1.94
1,1,18.096,11.655,2.1222,1.97
1,1,18.096,11.655,2.1493,1.81
1,1,18.172,11.578,2.1724,1.61
1,1,18.172,11.578,2.1984,0.86
1,1,18.172,11.578,2.2223,0.35
1,2,17.175,31.437,0,0.28
1,2,17.175,31.437,0.0248,0.6
1,2,17.175,31.437,0.0502,0.78
1,2,17.175,31.437,0.0754,0.78
1,2,17.175,31.437,0.1024,1.05
1,2,17.175,31.437,0.1251,1.07
1,2,17.175,31.437,0.1521,1.02
1,2,17.175,31.437,0.1754,0.95
1,2,17.175,31.437,0.2,0.96
1,2,17.175,31.437,0.2255,1
1,2,17.175,31.437,0.2509,1.04
1,2,17.175,31.437,0.2827,1.08
1,2,17.175,31.437,0.3008,1.09
1,2,17.175,31.437,0.325,1.1
1,2,17.175,31.437,0.3518,1.1
1,2,17.175,31.437,0.3765,1.13
1,2,17.175,31.437,0.4009,1.2
1,2,17.175,31.437,0.4249,1.23
1,2,17.175,31.437,0.4554,1.24
1,2,17.175,31.437,0.4759,1.26
1,2,17.175,31.437,0.5002,1.27
1,2,17.175,31.437,0.5263,1.28
1,2,17.175,31.437,0.55,1.3
1,2,17.175,31.437,0.5759,1.32
1,2,17.175,31.437,0.6001,1.33
1,2,17.175,31.437,0.6296,1.35
1,2,17.175,31.437,0.6503,1.37
1,2,17.175,31.437,0.6774,1.43
1,2,17.175,31.437,0.7002,1.44
1,2,17.175,31.437,0.7251,1.47
1,2,17.175,31.437,0.7498,1.61
1,2,17.175,31.437,0.7766,1.72
1,2,17.175,31.437,0.8009,1.81
1,2,17.175,31.36,0.8252,1.86
1,2,17.175,31.13,0.8499,1.91
1,2,17.329,30.057,0.8749,1.93
1,2,17.482,28.677,0.9012,1.93
1,2,17.635,27.833,0.9262,1.92
1,2,17.789,27.22,0.9507,1.94
1,2,17.942,25.993,0.9818,1.98
1,2,18.019,25.15,1.0008,1.98
1,2,18.096,24.153,1.0288,1.99
1,2,18.172,23.463,1.0501,2
1,2,18.326,22.696,1.0762,2.01
1,2,18.402,21.469,1.1009,2.03
1,2,18.402,20.319,1.1258,2.04
1,2,18.479,19.859,1.1502,2.04
1,2,18.632,18.939,1.1747,2.04
1,2,18.709,17.635,1.2023,2.03
1,2,18.709,16.792,1.2249,2.01
1,2,18.786,15.949,1.2502,1.99
1,2,18.786,15.489,1.275,1.97
1,2,18.862,15.105,1.3004,1.96
1,2,19.016,14.185,1.3257,1.98
1,2,19.016,13.572,1.3505,1.97
1,2,19.016,13.188,1.378,1.92
1,2,19.016,12.882,1.4002,1.91
1,2,19.016,12.422,1.4249,1.95
1,2,19.016,12.268,1.4515,1.96
1,2,19.016,12.038,1.4751,1.96
1,2,19.016,11.885,1.4998,1.99
1,2,19.016,11.731,1.5249,2.02
1,2,19.016,11.501,1.5509,2.01
1,2,19.016,11.348,1.5754,2.02
1,2,19.016,11.195,1.5999,2.04
1,2,19.016,11.195,1.6253,2.05
1,2,19.016,11.195,1.6521,2.06
1,2,19.016,11.118,1.6754,2.06
1,2,19.016,10.735,1.7,2.08
1,2,19.016,10.505,1.7248,2.08
1,2,19.016,10.275,1.7506,1.99
1,2,19.016,10.198,1.7798,1.89
1,2,19.016,10.198,1.801,1.76
1,2,19.016,10.198,1.8248,1.44
1,2,19.016,10.198,1.8501,0.78
1,2,19.016,10.198,1.8752,0.17
1,3,19.629,31.821,0,0.35
1,3,19.476,31.897,0.0259,0.78
1,3,19.476,31.897,0.051,1.03
1,3,19.476,31.897,0.0754,1.2
1,3,19.476,31.897,0.1,1.33
1,3,19.476,31.897,0.1252,1.41
1,3,19.476,31.897,0.1501,1.43
1,3,19.476,31.897,0.1803,1.42
1,3,19.476,31.897,0.1999,1.41
1,3,19.476,31.897,0.2261,1.41
1,3,19.476,31.897,0.2503,1.41
1,3,19.476,31.897,0.2752,1.4
1,3,19.476,31.897,0.3009,1.39
1,3,19.476,31.897,0.3256,1.39
1,3,19.476,31.897,0.3519,1.38
1,3,19.476,31.897,0.3755,1.35
1,3,19.476,31.897,0.4009,1.34
1,3,19.476,31.897,0.4252,1.33
1,3,19.476,31.897,0.4501,1.33
1,3,19.476,31.897,0.4756,1.32
1,3,19.476,31.897,0.5006,1.34
1,3,19.476,31.897,0.5269,1.39
1,3,19.476,31.897,0.5503,1.42
1,3,19.476,31.897,0.5789,1.51
1,3,19.476,31.897,0.6002,1.54
1,3,19.476,31.897,0.625,1.69
1,3,19.476,31.897,0.6504,1.8
1,3,19.476,31.897,0.6753,1.88
1,3,19.246,31.744,0.701,1.96
1,3,18.862,30.824,0.7264,2.04
1,3,18.632,29.827,0.7501,2.07
1,3,18.402,28.37,0.7764,2.07
1,3,18.326,27.143,0.8025,2.06
1,3,18.326,26.223,0.8255,2.05
1,3,18.326,24.92,0.8499,2.05
1,3,18.326,24.153,0.8756,2.04
1,3,18.326,23.233,0.9009,2.02
1,3,18.326,21.929,0.9282,1.99
1,3,18.479,20.856,0.9499,2
1,3,18.709,19.552,0.975,2
1,3,18.862,17.865,1.0004,1.96
1,3,18.939,16.869,1.0252,1.91
1,3,18.939,15.872,1.0503,1.9
1,3,18.939,15.182,1.0756,1.9
1,3,18.939,14.722,1.1009,1.91
1,3,18.939,14.108,1.1267,1.93
1,3,18.939,13.572,1.1502,1.98
1,3,18.939,13.035,1.175,2.02
1,3,18.939,12.345,1.2003,2.03
1,3,18.939,11.808,1.2262,2.03
1,3,18.939,11.655,1.2503,2.03
1,3,18.939,11.425,1.2769,2.04
1,3,18.939,11.195,1.3009,2.03
1,3,18.939,11.041,1.3277,2.01
1,3,18.939,10.965,1.3502,2.01
1,3,18.939,10.965,1.3751,2.05
1,3,18.939,10.888,1.402,2.1
1,3,18.939,10.888,1.4253,2.12
1,3,18.939,10.811,1.4514,2.12
1,3,18.939,10.811,1.4757,2.11
1,3,18.939,10.811,1.4999,2.08
1,3,18.939,10.811,1.5258,2.07
1,3,18.939,10.658,1.5502,2.06
1,3,19.092,10.428,1.5755,2.06
1,3,19.169,10.275,1.6001,2.01
1,3,19.169,10.121,1.6256,1.58
1,3,19.169,10.121,1.65,0.78
1,3,19.169,10.121,1.6801,0.15
2,1,18.709,32.281,0,0.11
2,1,18.709,32.281,0.0261,0.18
2,1,18.709,32.281,0.0479,0.25
2,1,18.709,32.281,0.0758,0.31
2,1,18.709,32.281,0.0979,0.48
2,1,18.709,32.281,0.1226,0.64
2,1,18.709,32.281,0.1489,0.7
2,1,18.709,32.204,0.1731,0.72
2,1,18.709,31.821,0.2017,0.86
2,1,18.709,31.514,0.2229,0.94
2,1,18.709,30.824,0.2475,0.96
2,1,18.709,29.98,0.2727,0.98
2,1,18.709,29.06,0.2993,1.01
2,1,18.709,28.523,0.3231,1.04
2,1,18.786,27.91,0.3478,1.07
2,1,18.786,27.603,0.3731,1.08
2,1,18.862,26.99,0.3983,1.09
2,1,18.862,26.07,0.4262,1.13
2,1,18.862,25.533,0.4487,1.14
2,1,18.862,24.69,0.4736,1.14
2,1,18.862,24,0.4978,1.16
2,1,18.862,23.616,0.5228,1.18
2,1,18.862,22.926,0.549,1.19
2,1,18.862,22.006,0.5726,1.18
2,1,18.786,20.933,0.6038,1.18
2,1,18.786,20.319,0.6239,1.2
2,1,18.786,19.782,0.6493,1.2
2,1,18.786,19.476,0.6738,1.2
2,1,18.786,18.786,0.6977,1.21
2,1,18.786,17.865,0.7247,1.22
2,1,18.786,17.329,0.7477,1.23
2,1,18.786,16.639,0.7734,1.23
2,1,18.786,16.102,0.7983,1.23
2,1,18.786,15.795,0.8231,1.24
2,1,18.786,15.182,0.8482,1.24
2,1,18.709,14.415,0.8739,1.25
2,1,18.632,13.802,0.8983,1.28
2,1,18.632,12.958,0.9225,1.3
2,1,18.632,12.575,0.9483,1.29
2,1,18.632,12.038,0.9726,1.3
2,1,18.632,11.731,1.0044,1.32
2,1,18.632,11.501,1.0244,1.33
2,1,18.632,11.348,1.0491,1.34
2,1,18.632,11.118,1.0737,1.37
2,1,18.632,10.965,1.099,1.39
2,1,18.632,10.735,1.1231,1.4
2,1,18.632,10.428,1.1475,1.41
2,1,18.632,10.198,1.1733,1.43
2,1,18.632,9.968,1.1979,1.45
2,1,18.632,9.738,1.2229,1.46
2,1,18.632,9.738,1.2484,1.5
2,1,18.632,9.661,1.2728,1.52
2,1,18.632,9.508,1.2983,1.53
2,1,18.632,9.508,1.3235,1.51
2,1,18.632,9.508,1.3497,1.29
2,1,18.632,9.508,1.3726,0.65
2,1,18.632,9.508,1.3978,0.12
2,2,19.169,31.667,0,0.18
2,2,19.169,31.667,0.0232,0.34
2,2,19.169,31.667,0.0491,0.43
2,2,19.169,31.667,0.0732,0.48
2,2,19.169,31.667,0.098,0.56
2,2,19.169,31.59,0.1236,0.72
2,2,19.092,31.36,0.1494,0.79
2,2,19.092,30.747,0.174,0.83
2,2,19.016,29.98,0.1998,0.88
2,2,18.862,28.907,0.2297,0.94
2,2,18.862,28.293,0.2482,1
2,2,18.862,27.603,0.2729,1.03
2,2,18.862,26.76,0.2983,1.06
2,2,18.862,25.686,0.3231,1.07
2,2,18.786,24.613,0.3492,1.09
2,2,18.786,24.076,0.3732,1.12
2,2,18.786,23.309,0.3982,1.16
2,2,19.016,22.389,0.4241,1.16
2,2,19.092,21.929,0.4495,1.12
2,2,19.092,21.009,0.4731,1.11
2,2,19.092,20.319,0.498,1.11
2,2,19.092,19.706,0.524,1.13
2,2,19.092,18.786,0.548,1.12
2,2,19.092,18.172,0.5735,1.12
2,2,18.862,17.252,0.598,1.12
2,2,18.709,16.255,0.6243,1.13
2,2,18.632,15.872,0.6486,1.14
2,2,18.479,15.412,0.6732,1.16
2,2,18.479,14.875,0.6991,1.17
2,2,18.479,14.568,0.7232,1.18
2,2,18.402,14.032,0.7488,1.19
2,2,18.249,13.495,0.7735,1.23
2,2,18.249,13.188,0.7986,1.23
2,2,18.249,12.805,0.8229,1.22
2,2,18.249,12.345,0.8483,1.25
2,2,18.249,12.038,0.8743,1.29
2,2,18.249,11.808,0.8984,1.29
2,2,18.249,11.655,0.9236,1.27
2,2,18.249,11.501,0.9484,1.28
2,2,18.249,11.195,0.9804,1.32
2,2,18.249,11.041,0.9982,1.31
2,2,18.249,10.965,1.0239,1.31
2,2,18.249,10.735,1.05,1.35
2,2,18.249,10.505,1.0732,1.4
2,2,18.249,10.351,1.0986,1.37
2,2,18.249,10.121,1.1232,1.37
2,2,18.249,10.121,1.148,1.41
2,2,18.249,9.968,1.1735,1.5
2,2,18.249,9.738,1.2015,1.53
2,2,18.249,9.584,1.2233,1.53
2,2,18.249,9.354,1.2482,1.54
2,2,18.249,8.971,1.2738,1.55
2,2,18.249,8.741,1.2987,1.57
2,2,18.249,8.664,1.3234,1.52
2,2,18.249,8.588,1.3484,1.28
2,2,18.249,8.588,1.3729,0.75
2,2,18.249,8.588,1.3989,0.2
2,3,18.096,31.821,0,0.11
2,3,18.096,31.821,0.025,0.24
2,3,18.096,31.821,0.0502,0.42
2,3,18.096,31.821,0.078,0.63
2,3,18.096,31.821,0.1008,0.68
2,3,18.096,31.821,0.1252,0.8
2,3,18.096,31.744,0.1513,0.88
2,3,18.096,31.59,0.1754,0.94
2,3,18.249,30.67,0.2045,0.99
2,3,18.402,30.21,0.2253,1.02
2,3,18.479,29.75,0.2501,1.04
2,3,18.632,28.677,0.2757,1.08
2,3,18.632,27.987,0.3028,1.1
2,3,18.709,27.45,0.3255,1.1
2,3,18.709,26.453,0.3499,1.09
2,3,18.786,25.533,0.3788,1.11
2,3,18.786,24.536,0.4002,1.12
2,3,18.786,23.77,0.4258,1.13
2,3,18.786,22.926,0.45,1.14
2,3,18.709,22.236,0.4766,1.16
2,3,18.709,21.009,0.5019,1.17
2,3,18.709,19.936,0.5255,1.19
2,3,18.709,19.476,0.555,1.18
2,3,18.709,19.169,0.5748,1.18
2,3,18.709,18.709,0.6,1.19
2,3,18.709,18.172,0.625,1.2
2,3,18.862,17.329,0.6503,1.22
2,3,18.862,16.792,0.6752,1.23
2,3,18.862,16.409,0.7001,1.24
2,3,18.862,15.872,0.7259,1.24
2,3,18.939,14.952,0.7501,1.25
2,3,18.939,14.568,0.7753,1.24
2,3,18.939,14.108,0.7997,1.22
2,3,18.939,13.802,0.8249,1.21
2,3,18.939,13.418,0.8504,1.22
2,3,18.939,12.958,0.8761,1.22
2,3,18.939,12.728,0.9038,1.21
2,3,18.939,12.498,0.9252,1.22
2,3,18.939,11.961,0.9531,1.22
2,3,18.939,11.731,0.9754,1.22
2,3,18.939,11.425,1.0002,1.23
2,3,18.939,11.195,1.0271,1.25
2,3,18.939,11.041,1.0502,1.24
2,3,18.939,10.811,1.0764,1.22
2,3,18.786,10.505,1.1002,1.22
2,3,18.786,10.351,1.1248,1.24
2,3,18.786,10.121,1.1499,1.23
2,3,18.786,9.891,1.1753,1.23
2,3,18.786,9.891,1.2007,1.29
2,3,18.786,9.891,1.2254,1.3
2,3,18.786,9.891,1.2529,1.19
2,3,18.786,9.891,1.2764,0.79
2,3,18.786,9.891,1.3012,0.26
3,1,18.402,31.284,0,0.45
3,1,18.402,31.284,0.0242,0.82
3,1,18.402,31.284,0.0492,1.03
3,1,18.402,31.284,0.0744,1.25
3,1,18.402,31.284,0.0989,1.38
3,1,19.092,31.897,0.1248,1.42
3,1,18.862,31.437,0.1497,1.49
3,1,18.556,29.214,0.1746,1.6
3,1,18.556,28.14,0.1988,1.62
3,1,18.479,26.53,0.2242,1.61
3,1,18.249,24.153,0.2506,1.66
3,1,18.019,22.236,0.2742,1.74
3,1,17.942,20.012,0.299,1.65
3,1,18.172,18.786,0.3251,1.59
3,1,18.172,17.865,0.35,1.66
3,1,18.172,15.872,0.3776,1.75
3,1,18.096,14.262,0.3989,1.72
3,1,18.096,12.498,0.4254,1.54
3,1,18.172,11.731,0.4501,1.46
3,1,18.172,11.271,0.4832,1.58
3,1,18.172,10.888,0.4989,1.61
3,1,18.172,10.351,0.5244,1.61
3,1,18.172,10.121,0.5561,1.42
3,1,18.172,9.968,0.5754,1.4
3,1,18.172,9.968,0.5993,1.36
3,1,18.172,9.968,0.6241,0.84
3,2,19.092,32.817,0,0.2
3,2,19.092,32.817,0.0233,0.46
3,2,19.092,32.817,0.0488,0.71
3,2,19.092,32.664,0.0743,0.84
3,2,19.092,32.204,0.1004,1.06
3,2,19.092,30.824,0.1253,1.2
3,2,19.092,28.83,0.1494,1.3
3,2,19.016,27.833,0.1747,1.37
3,2,18.556,24.92,0.2061,1.4
3,2,18.402,23.923,0.2233,1.43
3,2,18.249,22.466,0.2484,1.46
3,2,17.942,20.242,0.2772,1.51
3,2,17.942,17.865,0.2988,1.52
3,2,17.942,15.642,0.3266,1.52
3,2,17.865,14.262,0.3486,1.51
3,2,17.712,12.728,0.3793,1.47
3,2,17.712,11.885,0.3988,1.47
3,2,17.635,10.965,0.4241,1.5
3,2,17.482,9.738,0.4488,1.5
3,2,17.482,9.354,0.4743,1.46
3,2,17.482,9.048,0.4998,1.36
3,2,17.482,8.894,0.5236,1.3
3,2,17.405,8.434,0.5535,1.24
3,2,17.405,8.434,0.5753,0.95
3,2,17.405,8.434,0.5995,0.37
3,3,17.865,31.36,0,0.16
3,3,17.865,31.36,0.0226,0.35
3,3,17.865,31.36,0.0474,0.54
3,3,17.789,31.36,0.0749,0.69
3,3,17.789,31.36,0.0972,0.72
3,3,17.789,31.284,0.1227,0.75
3,3,17.942,30.364,0.1476,0.88
3,3,18.172,29.06,0.1738,1.02
3,3,18.096,27.68,0.1972,1.05
3,3,17.789,25.456,0.2233,1.07
3,3,17.712,24,0.2477,1.14
3,3,17.405,21.239,0.2733,1.25
3,3,17.099,19.629,0.2971,1.29
3,3,16.869,17.252,0.3253,1.31
3,3,16.715,15.949,0.3477,1.34
3,3,16.639,13.955,0.3788,1.34
3,3,16.562,12.652,0.3974,1.32
3,3,16.562,11.578,0.4234,1.28
3,3,16.562,10.888,0.4501,1.28
3,3,16.562,10.275,0.4725,1.29
3,3,16.562,9.584,0.4971,1.29
3,3,16.562,8.741,0.5236,1.28
3,3,16.562,8.358,0.5482,1.27
3,3,16.562,8.051,0.5727,1.25
3,3,16.562,7.898,0.5971,1.18
3,3,16.562,7.898,0.6243,1.01
3,3,16.562,7.898,0.6505,0.33
4,1,17.865,31.437,0,0.14
4,1,17.865,31.437,0.0253,0.28
4,1,17.865,31.437,0.0496,0.26
4,1,17.865,31.437,0.0794,0.32
4,1,17.865,31.36,0.1005,0.42
4,1,17.865,30.364,0.1243,0.43
4,1,17.942,28.6,0.1515,0.44
4,1,17.942,27.757,0.1747,0.47
4,1,17.942,25.763,0.2031,0.49
4,1,17.942,24.69,0.2243,0.51
4,1,17.865,23.079,0.2493,0.52
4,1,17.635,21.086,0.2745,0.53
4,1,17.635,20.242,0.2998,0.54
4,1,17.635,19.246,0.3271,0.56
4,1,17.559,17.175,0.3498,0.57
4,1,17.559,15.872,0.379,0.58
4,1,17.559,15.335,0.3994,0.62
4,1,17.559,13.955,0.4249,0.68
4,1,17.635,12.652,0.4498,0.69
4,1,17.712,11.118,0.4758,0.67
4,1,17.865,9.738,0.5001,0.64
4,1,17.865,8.741,0.5243,0.64
4,1,17.942,7.744,0.5501,0.64
4,1,17.942,7.131,0.5747,0.65
4,1,17.942,6.747,0.6006,0.64
4,1,17.942,6.517,0.6247,0.63
4,1,17.942,6.364,0.6546,0.63
4,1,17.942,6.364,0.6758,0.65
4,1,17.942,6.364,0.6994,0.66
4,1,17.942,6.364,0.7252,0.58
4,1,17.942,6.364,0.7495,0.46
4,1,18.019,6.441,0.7754,0.38
4,1,18.019,6.441,0.7994,0.21
4,2,17.789,31.13,0,0.15
4,2,17.789,31.13,0.0223,0.25
4,2,17.789,30.824,0.0475,0.25
4,2,17.712,29.827,0.0728,0.28
4,2,17.712,28.677,0.0977,0.35
4,2,17.712,27.91,0.1231,0.44
4,2,17.789,25.38,0.1473,0.48
4,2,17.942,23.156,0.1742,0.51
4,2,17.942,21.239,0.1999,0.56
4,2,18.172,18.939,0.2221,0.61
4,2,18.326,16.485,0.2479,0.62
4,2,18.402,15.565,0.2733,0.62
4,2,18.556,13.572,0.3033,0.65
4,2,18.709,12.038,0.3228,0.72
4,2,19.016,10.811,0.3478,0.73
4,2,19.246,9.815,0.3757,0.7
4,2,19.246,9.354,0.3978,0.69
4,2,19.322,8.894,0.4235,0.7
4,2,19.322,8.358,0.4485,0.69
4,2,19.322,8.051,0.4769,0.67
4,2,19.322,7.821,0.4979,0.69
4,2,19.322,7.668,0.5228,0.7
4,2,19.322,7.514,0.548,0.7
4,2,19.322,7.438,0.5726,0.69
4,2,19.322,7.361,0.5975,0.68
4,2,19.322,7.361,0.6228,0.69
4,2,19.322,7.361,0.6476,0.7
4,2,19.322,7.361,0.6725,0.71
4,2,19.322,7.361,0.6972,0.67
4,2,19.322,7.438,0.7227,0.54
4,2,19.322,7.438,0.7488,0.27
4,3,17.099,31.36,0,0.15
4,3,17.099,31.36,0.0249,0.21
4,3,17.099,31.36,0.0498,0.25
4,3,17.099,31.36,0.075,0.31
4,3,17.099,31.36,0.1009,0.5
4,3,17.099,31.36,0.1248,0.54
4,3,17.175,31.13,0.1509,0.57
4,3,17.329,30.134,0.1742,0.63
4,3,17.405,28.14,0.202,0.7
4,3,17.482,26.377,0.2247,0.74
4,3,17.405,24.153,0.2497,0.75
4,3,17.405,22.619,0.2751,0.77
4,3,17.559,21.086,0.3011,0.83
4,3,17.789,19.552,0.3251,0.82
4,3,17.942,17.559,0.3499,0.8
4,3,17.942,16.485,0.3756,0.81
4,3,17.942,15.642,0.3994,0.83
4,3,17.789,14.492,0.4268,0.87
4,3,17.635,13.265,0.4495,0.93
4,3,17.559,12.038,0.4789,0.94
4,3,17.559,11.501,0.4997,0.91
4,3,17.559,11.118,0.5305,0.91
4,3,17.559,10.965,0.5495,0.94
4,3,17.559,10.505,0.5755,0.96
4,3,17.712,9.891,0.6024,0.96
4,3,17.712,9.431,0.6249,0.96
4,3,17.712,9.048,0.6506,0.95
4,3,17.712,8.818,0.6751,0.94
4,3,17.712,8.588,0.7003,0.94
4,3,17.712,8.511,0.7247,0.91
4,3,17.712,8.511,0.7498,0.9
4,3,17.712,8.511,0.7759,0.9
4,3,17.712,8.511,0.8012,0.76
4,3,17.712,8.588,0.8253,0.4
5,1,18.709,33.814,0,0.51
5,1,18.709,33.814,0.0251,0.58
5,1,18.709,33.814,0.0494,0.62
5,1,18.709,33.814,0.0747,0.6
5,1,18.709,33.814,0.099,0.57
5,1,18.709,33.814,0.1241,0.58
5,1,18.709,33.737,0.1512,0.66
5,1,18.709,33.277,0.1758,0.73
5,1,18.709,32.741,0.2003,0.74
5,1,18.709,32.051,0.2252,0.74
5,1,18.709,31.13,0.2493,0.76
5,1,18.709,29.98,0.2747,0.78
5,1,18.709,28.523,0.3017,0.8
5,1,18.709,27.373,0.3246,0.81
5,1,18.556,26.453,0.3501,0.83
5,1,18.402,25.303,0.3742,0.86
5,1,18.402,24.153,0.3992,0.9
5,1,18.402,23.309,0.425,0.92
5,1,18.326,21.546,0.449,0.9
5,1,18.326,20.242,0.4745,0.88
5,1,18.402,19.476,0.4991,0.87
5,1,18.479,17.099,0.5248,0.87
5,1,18.479,15.795,0.5501,0.87
5,1,18.479,15.182,0.575,0.88
5,1,18.479,14.492,0.6003,0.87
5,1,18.556,13.572,0.6243,0.84
5,1,18.556,11.961,0.6499,0.82
5,1,18.556,10.581,0.6742,0.81
5,1,18.556,9.815,0.7012,0.79
5,1,18.556,9.354,0.726,0.76
5,1,18.556,8.971,0.7491,0.73
5,1,18.556,8.358,0.7762,0.69
5,1,18.556,8.128,0.7993,0.66
5,1,18.556,7.974,0.8247,0.66
5,1,18.556,7.974,0.8501,0.66
5,1,18.632,8.051,0.8738,0.58
5,1,18.632,8.051,0.9027,0.29
5,1,18.632,8.051,1.6289,0.16
5,1,18.632,8.051,1.6497,0.22
5,1,18.632,8.051,1.6739,0.25
5,1,18.632,8.051,1.6997,0.28
5,1,18.632,8.051,1.7241,0.29
5,1,18.632,8.051,1.7496,0.29
5,1,18.632,8.051,1.7741,0.3
5,1,18.632,8.051,1.8001,0.34
5,1,18.632,8.051,1.824,0.38
5,1,18.632,8.051,1.8492,0.4
5,1,18.632,8.051,1.8757,0.41
5,1,18.632,8.051,1.8995,0.42
5,1,18.632,8.051,1.9245,0.42
5,1,18.632,8.051,1.9496,0.4
5,1,18.632,8.051,1.9756,0.39
5,1,18.632,8.051,1.9991,0.42
5,1,18.632,8.051,2.0265,0.46
5,1,18.632,8.051,2.0502,0.49
5,1,18.632,8.051,2.0741,0.51
5,1,18.632,8.051,2.0993,0.53
5,1,18.632,8.051,2.124,0.55
5,1,18.632,8.051,2.1492,0.57
5,2,18.862,33.507,0,0.58
5,2,18.862,33.507,0.0246,0.72
5,2,18.862,33.507,0.0502,0.79
5,2,18.862,33.507,0.0762,0.78
5,2,18.862,33.507,0.1013,0.78
5,2,18.862,33.277,0.1248,0.86
5,2,18.862,32.357,0.1543,0.89
5,2,18.862,31.437,0.1752,0.89
5,2,18.709,29.444,0.2029,0.92
5,2,18.632,28.14,0.2272,0.99
5,2,18.479,27.297,0.2496,1.02
5,2,18.326,25.073,0.2758,1.02
5,2,18.172,24.153,0.3004,1.04
5,2,18.019,23.309,0.3287,1.09
5,2,18.019,21.929,0.3503,1.11
5,2,18.019,20.089,0.3765,1.14
5,2,18.096,19.169,0.4,1.17
5,2,18.172,17.559,0.426,1.19
5,2,18.172,16.179,0.4524,1.16
5,2,18.172,15.565,0.4746,1.07
5,2,18.172,14.185,0.5001,1.04
5,2,18.172,13.035,0.5266,1.02
5,2,18.326,11.885,0.5542,0.99
5,2,18.402,11.271,0.5746,0.93
5,2,18.402,10.811,0.6004,0.89
5,2,18.402,10.198,0.6253,0.88
5,2,18.402,9.738,0.6507,0.9
5,2,18.402,9.508,0.6759,0.92
5,2,18.402,9.278,0.6997,0.92
5,2,18.402,8.894,0.7292,0.92
5,2,18.402,8.511,0.7499,0.94
5,2,18.479,7.821,0.7751,0.97
5,2,18.479,7.591,0.7997,0.98
5,2,18.479,7.361,0.8248,0.98
5,2,18.479,7.208,0.8502,0.97
5,2,18.479,7.208,0.8756,0.93
5,2,18.709,7.361,0.9005,0.85
5,2,18.709,7.361,0.9252,0.47
5,2,18.709,7.361,0.9508,0.23
5,2,18.709,7.361,0.9754,0.15
5,2,18.709,7.361,1.1248,0.1
5,2,18.709,7.361,1.1527,0.14
5,2,18.709,7.361,1.1756,0.15
5,2,18.709,7.361,1.2001,0.17
5,2,18.709,7.361,1.2253,0.2
5,2,18.709,7.361,1.2507,0.23
5,2,18.709,7.361,1.2751,0.25
5,2,18.709,7.361,1.3001,0.26
5,2,18.709,7.361,1.3249,0.26
5,2,18.709,7.361,1.3498,0.25
5,2,18.709,7.361,1.3764,0.23
5,2,18.709,7.361,1.4008,0.21
5,2,18.709,7.361,1.428,0.2
5,2,18.709,7.361,1.4502,0.2
5,2,18.709,7.361,1.4785,0.19
5,2,18.709,7.361,1.5023,0.19
5,2,18.709,7.361,1.5246,0.2
5,2,18.709,7.361,1.5512,0.23
5,2,18.709,7.361,1.5754,0.24
5,2,18.709,7.361,1.6006,0.25
5,2,18.709,7.361,1.6252,0.26
5,2,18.709,7.361,1.6506,0.27
5,3,17.099,32.204,0,0.31
5,3,17.099,32.204,0.0249,0.37
5,3,17.099,32.204,0.0509,0.45
5,3,17.099,32.204,0.074,0.49
5,3,17.099,32.204,0.0998,0.51
5,3,17.099,32.127,0.1243,0.6
5,3,17.252,31.744,0.1518,0.68
5,3,17.635,30.44,0.1739,0.73
5,3,17.865,29.214,0.2001,0.75
5,3,18.096,28.063,0.2245,0.75
5,3,18.096,26.607,0.2496,0.74
5,3,18.019,25.15,0.2746,0.72
5,3,17.789,23.616,0.2998,0.69
5,3,17.559,21.853,0.3247,0.68
5,3,17.329,20.703,0.3493,0.65
5,3,17.252,19.322,0.3739,0.63
5,3,17.175,17.329,0.4005,0.61
5,3,17.175,16.332,0.4242,0.6
5,3,17.405,15.028,0.4497,0.61
5,3,17.635,13.265,0.4752,0.62
5,3,17.635,12.345,0.499,0.63
5,3,17.635,11.731,0.5256,0.64
5,3,17.635,11.501,0.5497,0.65
5,3,17.635,11.195,0.5753,0.67
5,3,17.635,10.811,0.599,0.69
5,3,17.635,10.351,0.6267,0.68
5,3,17.712,9.815,0.6494,0.67
5,3,17.865,8.971,0.6756,0.66
5,3,17.942,8.434,0.7002,0.66
5,3,17.942,7.821,0.724,0.66
5,3,17.942,7.438,0.7493,0.69
5,3,17.942,7.284,0.7743,0.72
5,3,17.942,7.054,0.7998,0.71
5,3,17.942,6.978,0.8243,0.69
5,3,17.942,6.978,0.85,0.66
5,3,17.942,6.978,0.8743,0.61
5,3,17.942,6.978,0.9059,0.48
5,3,17.942,6.978,0.9242,0.25
6,1,18.556,31.744,0,0.16
6,1,18.556,31.744,0.0248,0.32
6,1,18.556,31.744,0.0501,0.55
6,1,18.556,31.744,0.0748,0.7
6,1,18.479,31.284,0.1012,1.08
6,1,18.479,29.29,0.1267,1.4
6,1,18.556,26.913,0.1547,1.65
6,1,18.709,24.613,0.1746,1.79
6,1,19.016,22.313,0.2003,1.84
6,1,19.322,19.399,0.2251,1.91
6,1,19.322,16.562,0.2521,1.99
6,1,19.169,15.412,0.2757,2.04
6,1,19.016,13.495,0.2998,2.09
6,1,18.786,12.191,0.3248,2.09
6,1,18.786,11.731,0.3499,2.03
6,1,18.786,11.348,0.3757,2
6,1,18.786,11.195,0.3998,1.84
6,1,18.939,11.195,0.4246,1.43
6,1,18.939,11.195,0.4503,0.52
6,1,18.939,11.195,0.4772,0.11
6,2,17.942,31.437,0,0.16
6,2,17.942,31.437,0.025,0.46
6,2,17.942,31.437,0.0505,0.71
6,2,17.865,30.9,0.0752,0.85
6,2,17.789,29.29,0.0998,1.1
6,2,17.712,25.686,0.125,1.39
6,2,17.712,21.929,0.1506,1.58
6,2,17.712,19.859,0.1751,1.76
6,2,17.712,16.409,0.2,1.94
6,2,17.789,13.955,0.226,2.01
6,2,17.865,12.498,0.2503,2.01
6,2,18.019,11.118,0.277,1.96
6,2,18.249,9.968,0.3028,1.87
6,2,18.326,9.661,0.3246,1.75
6,2,18.326,9.584,0.3499,1.42
6,2,18.402,9.661,0.375,0.91
6,2,18.402,9.661,0.4005,0.35
6,3,18.709,32.281,0,0.12
6,3,18.709,32.281,0.0237,0.29
6,3,18.632,32.281,0.0495,0.58
6,3,18.632,32.281,0.0741,0.86
6,3,18.402,32.127,0.0994,1.23
6,3,17.942,30.517,0.1238,1.54
6,3,17.482,28.677,0.1502,1.82
6,3,17.405,25.61,0.1742,1.92
6,3,17.405,23.079,0.1999,1.98
6,3,17.329,21.009,0.225,2.13
6,3,17.559,18.479,0.2491,2.27
6,3,17.482,15.949,0.2738,2.28
6,3,17.175,13.572,0.3021,2.29
6,3,17.099,12.345,0.3238,2.33
6,3,17.099,11.348,0.3506,2.4
6,3,17.099,10.965,0.3739,2.37
6,3,17.099,10.658,0.4042,2.01
6,3,17.099,10.581,0.424,1.87
6,3,17.099,10.581,0.4491,1.4
6,3,17.175,10.581,0.4739,0.74
6,3,17.175,10.581,0.5001,0.15
7,1,18.709,33.967,0,0.26
7,1,18.709,33.967,0.0241,0.79
7,1,18.709,33.967,0.0491,1.28
7,1,18.709,33.967,0.0745,1.55
7,1,18.709,33.277,0.1021,2.01
7,1,18.556,32.204,0.1241,2.56
7,1,18.479,29.29,0.1489,2.9
7,1,18.402,26.07,0.1743,2.98
7,1,18.326,24.23,0.2008,3.23
7,1,18.326,20.933,0.2243,3.32
7,1,18.479,17.942,0.2488,3.4
7,1,18.326,14.875,0.2777,3.39
7,1,18.019,12.652,0.2992,3.42
7,1,17.789,11.271,0.3265,3.47
7,1,17.712,10.965,0.3488,3.41
7,1,17.712,10.658,0.3745,3.17
7,1,17.712,10.581,0.4001,2.77
7,1,17.712,10.581,0.4241,2.14
7,1,17.712,10.581,0.4492,1.3
7,1,17.712,10.581,0.4738,0.52
7,1,17.712,10.581,0.4995,0.1
7,1,17.712,10.581,0.9489,0.11
7,1,17.712,10.581,0.9738,0.15
7,1,17.712,10.581,0.9993,0.19
7,1,17.712,10.581,1.0264,0.24
7,1,17.712,10.581,1.0492,0.28
7,1,17.712,10.581,1.0738,0.3
7,1,17.712,10.581,1.0988,0.31
7,1,17.712,10.581,1.1245,0.3
7,2,20.319,33.967,0,0.32
7,2,20.319,33.967,0.0245,0.49
7,2,20.319,33.967,0.051,0.81
7,2,20.089,33.967,0.0745,0.86
7,2,19.859,33.737,0.1017,1.08
7,2,18.786,32.051,0.1251,1.56
7,2,18.096,28.6,0.1495,1.99
7,2,17.942,25.763,0.1748,2.39
7,2,18.249,21.546,0.1997,2.74
7,2,18.709,17.175,0.2244,2.99
7,2,18.786,14.798,0.2495,3.11
7,2,18.709,11.731,0.2749,3.19
7,2,18.556,9.201,0.3002,3.21
7,2,18.479,8.051,0.3249,3.14
7,2,18.479,7.438,0.3496,2.9
7,2,18.479,7.208,0.3751,2.55
7,2,18.479,7.054,0.3998,2.07
7,2,18.479,7.054,0.4249,1.57
7,2,18.479,7.054,0.4495,0.66
7,2,18.479,7.054,0.4748,0.15
7,3,19.552,34.428,0,0.14
7,3,19.322,34.428,0.0236,0.61
7,3,19.246,34.428,0.048,0.82
7,3,19.092,34.351,0.0735,1.05
7,3,18.326,32.894,0.0996,1.32
7,3,17.789,29.597,0.1236,1.82
7,3,18.019,27.45,0.1485,2.28
7,3,18.786,23.923,0.1737,2.51
7,3,19.169,20.242,0.2004,2.61
7,3,19.246,17.789,0.2237,2.8
7,3,19.169,14.415,0.2481,3.03
7,3,18.709,10.811,0.2742,3.13
7,3,18.249,8.664,0.2995,3.11
7,3,18.019,7.668,0.3234,2.87
7,3,18.019,7.438,0.3482,2.43
7,3,18.019,7.208,0.3736,1.78
7,3,18.019,7.131,0.4038,1.3
7,3,18.249,7.131,0.424,0.85
7,3,18.249,7.131,0.4481,0.29
8,1,19.399,32.511,0,0.83
8,1,19.399,32.511,0.027,1.17
8,1,19.399,32.511,0.0505,1.32
8,1,19.399,32.511,0.0755,1.36
8,1,19.399,32.281,0.1,1.43
8,1,19.629,31.744,0.1272,1.73
8,1,20.012,30.134,0.1505,1.8
8,1,20.166,29.137,0.1761,1.77
8,1,20.089,27.91,0.2008,1.76
8,1,19.782,26.07,0.2257,1.81
8,1,19.246,24.536,0.2542,1.88
8,1,19.092,24,0.2753,1.91
8,1,18.939,22.849,0.3014,1.93
8,1,18.786,21.623,0.3263,1.96
8,1,18.632,19.936,0.3502,1.98
8,1,18.402,17.482,0.3754,2.03
8,1,18.249,16.179,0.4003,2.04
8,1,18.019,14.108,0.4267,2.04
8,1,17.942,12.115,0.4503,2.05
8,1,17.942,11.425,0.475,2.13
8,1,17.865,10.121,0.5002,2.16
8,1,17.865,9.278,0.5262,2.23
8,1,17.865,8.971,0.5503,2.22
8,1,17.865,8.818,0.5757,1.98
8,1,17.865,8.818,0.6016,1.38
8,1,17.865,8.818,0.6253,0.65
8,1,17.865,8.818,0.6501,0.25
8,1,17.865,8.818,0.6763,0.19
8,1,17.865,8.818,0.7016,0.19
8,1,17.865,8.818,0.7257,0.14
8,1,17.865,8.818,1.0751,0.11
8,1,17.865,8.818,1.1003,0.12
8,1,17.865,8.818,1.1264,0.17
8,1,17.865,8.818,1.1506,0.23
8,1,17.865,8.818,1.1754,0.28
8,1,17.865,8.818,1.2005,0.32
8,1,17.865,8.818,1.2262,0.34
8,1,17.865,8.818,1.25,0.34
8,1,17.865,8.818,1.2754,0.34
8,1,17.865,8.818,1.3006,0.34
8,1,17.865,8.818,1.3251,0.36
8,1,17.865,8.818,1.3511,0.37
8,1,17.865,8.818,1.3776,0.37
8,1,17.865,8.818,1.4004,0.37
8,1,17.865,8.818,1.4251,0.38
8,1,17.865,8.818,1.4501,0.4
8,1,17.865,8.818,1.4759,0.4
8,1,17.865,8.818,1.5001,0.4
8,2,17.942,32.817,0,0.41
8,2,17.942,32.817,0.0201,0.54
8,2,17.942,32.817,0.045,0.86
8,2,17.942,32.817,0.0697,1.08
8,2,17.942,32.817,0.0952,1.13
8,2,17.942,32.741,0.1204,1.26
8,2,17.942,32.204,0.1451,1.49
8,2,17.942,31.821,0.1708,1.66
8,2,17.942,30.824,0.1948,1.74
8,2,17.942,29.06,0.2199,1.78
8,2,17.942,28.14,0.245,1.8
8,2,17.942,26.07,0.2698,1.84
8,2,17.942,24.153,0.2953,1.89
8,2,17.942,23.309,0.3198,1.91
8,2,17.942,21.163,0.3457,1.97
8,2,18.019,19.552,0.3702,2
8,2,18.096,17.635,0.3976,1.99
8,2,18.096,16.715,0.4198,1.98
8,2,18.019,15.872,0.445,2.04
8,2,18.019,15.412,0.4723,2.1
8,2,18.019,14.415,0.4948,2.18
8,2,18.019,13.418,0.5212,2.2
8,2,18.019,12.882,0.5452,2.22
8,2,18.019,12.191,0.5731,2.28
8,2,18.096,11.731,0.5946,2.33
8,2,18.172,11.348,0.6202,2.37
8,2,18.249,10.735,0.6458,2.37
8,2,18.249,9.968,0.6716,2.36
8,2,18.249,9.278,0.6974,2.37
8,2,18.249,8.434,0.7203,2.41
8,2,18.249,8.204,0.7454,2.43
8,2,18.249,7.898,0.7698,2.41
8,2,18.249,7.668,0.795,2.31
8,2,18.402,7.438,0.8217,2.12
8,2,18.556,7.361,0.8447,1.76
8,2,18.556,7.361,0.8703,0.97
8,2,18.556,7.361,1.3197,0.11
8,2,18.556,7.361,1.3449,0.12
8,2,18.556,7.361,1.3701,0.14
8,2,18.556,7.361,1.3948,0.16
8,2,18.556,7.361,1.4201,0.18
8,2,18.556,7.361,1.446,0.22
8,2,18.556,7.361,1.4701,0.28
8,2,18.556,7.361,1.4946,0.36
8,2,18.556,7.361,1.5199,0.41
8,2,18.556,7.361,1.546,0.4
8,2,18.556,7.361,1.57,0.39
8,2,18.556,7.361,1.5955,0.38
8,2,18.556,7.361,1.6209,0.4
8,2,18.556,7.361,1.645,0.41
8,2,18.556,7.361,1.6702,0.43
8,3,18.249,33.814,0,0.52
8,3,18.249,33.814,0.026,0.83
8,3,18.249,33.814,0.051,1.16
8,3,18.249,33.814,0.0751,1.33
8,3,18.249,33.277,0.1013,1.55
8,3,18.249,32.511,0.1255,1.8
8,3,18.172,31.13,0.1503,1.98
8,3,17.942,28.984,0.1765,2.02
8,3,17.712,26.837,0.2014,2.11
8,3,17.482,25.073,0.2252,2.15
8,3,17.329,23.079,0.2497,2.16
8,3,17.329,21.623,0.2755,2.16
8,3,17.329,20.012,0.3002,2.17
8,3,17.329,18.709,0.3277,2.18
8,3,17.252,17.482,0.35,2.18
8,3,17.099,16.025,0.3767,2.17
8,3,17.099,14.492,0.3999,2.17
8,3,17.099,13.112,0.4247,2.19
8,3,17.099,11.655,0.4514,2.21
8,3,17.099,10.121,0.4753,2.24
8,3,17.099,8.971,0.503,2.25
8,3,17.099,8.511,0.5246,2.29
8,3,17.099,8.204,0.5514,2.3
8,3,17.099,8.128,0.5753,2.05
8,3,17.099,8.128,0.6001,1.26
8,3,17.099,8.128,0.6262,0.36
9,1,19.016,34.888,0,0.41
9,1,19.016,34.888,0.0233,0.5
9,1,19.016,34.888,0.0486,0.58
9,1,19.016,34.811,0.075,0.72
9,1,18.939,34.504,0.0985,0.84
9,1,18.709,33.124,0.1235,0.92
9,1,18.556,32.204,0.1484,1
9,1,18.402,30.67,0.1739,1.04
9,1,18.326,28.83,0.199,1.06
9,1,18.249,27.987,0.2234,1.08
9,1,18.096,25.84,0.2486,1.12
9,1,18.096,24.153,0.2735,1.17
9,1,18.096,23.079,0.3005,1.22
9,1,18.172,21.853,0.3231,1.25
9,1,18.172,20.166,0.3481,1.25
9,1,18.172,19.476,0.3745,1.26
9,1,18.096,17.865,0.3986,1.3
9,1,18.096,16.255,0.4273,1.33
9,1,18.096,15.565,0.4483,1.34
9,1,18.096,14.185,0.4767,1.36
9,1,18.096,12.958,0.4986,1.37
9,1,18.096,12.268,0.5237,1.38
9,1,18.096,11.655,0.5551,1.39
9,1,18.096,11.195,0.5733,1.4
9,1,18.096,10.735,0.603,1.42
9,1,18.096,10.581,0.6234,1.42
9,1,18.096,10.351,0.6482,1.41
9,1,18.096,10.121,0.6737,1.45
9,1,18.096,9.891,0.6998,1.45
9,1,18.096,9.738,0.7241,1.33
9,1,18.096,9.738,0.7484,0.88
9,1,18.096,9.738,0.7764,0.29
9,2,19.092,33.201,0,0.22
9,2,19.092,33.201,0.0252,0.51
9,2,19.092,33.047,0.0623,0.57
9,2,19.092,32.511,0.0783,0.63
9,2,18.862,31.207,0.1065,0.81
9,2,18.709,29.75,0.1241,0.93
9,2,18.479,28.14,0.1492,1.01
9,2,18.479,26.76,0.1748,1.08
9,2,18.402,24.46,0.1998,1.12
9,2,18.402,22.849,0.2249,1.14
9,2,18.402,21.546,0.2489,1.17
9,2,18.402,20.012,0.2764,1.21
9,2,18.556,18.786,0.3001,1.23
9,2,18.632,17.865,0.326,1.25
9,2,18.709,16.562,0.3497,1.25
9,2,18.709,15.642,0.3748,1.26
9,2,18.786,15.105,0.4004,1.29
9,2,18.862,14.108,0.4269,1.29
9,2,18.862,13.572,0.4491,1.29
9,2,18.862,12.652,0.4762,1.3
9,2,18.862,11.961,0.4994,1.3
9,2,18.862,11.731,0.5247,1.29
9,2,18.939,11.348,0.5491,1.3
9,2,18.939,11.041,0.5754,1.32
9,2,19.016,10.735,0.6014,1.34
9,2,19.016,10.505,0.6261,1.35
9,2,19.016,10.275,0.65,1.37
9,2,19.016,10.121,0.6739,1.39
9,2,19.016,9.968,0.7008,1.4
9,2,19.016,9.891,0.7258,1.42
9,2,19.016,9.891,0.7494,1.46
9,2,19.169,9.661,0.7738,1.5
9,2,19.169,9.354,0.7993,1.55
9,2,19.169,9.201,0.8254,1.55
9,2,19.169,9.201,0.8498,1.52
9,2,19.246,9.048,0.876,1.51
9,2,19.399,8.818,0.9016,1.5
9,2,19.399,8.741,0.9245,1.43
9,2,19.399,8.741,0.9493,0.98
9,3,19.859,32.434,0,0.13
9,3,19.859,32.434,0.0257,0.37
9,3,19.859,32.434,0.0505,0.55
9,3,19.859,32.434,0.0749,0.64
9,3,19.782,32.051,0.1002,0.81
9,3,19.322,30.67,0.1277,0.94
9,3,19.092,29.214,0.1508,0.99
9,3,18.786,27.527,0.1748,1.04
9,3,18.556,26.07,0.2051,1.09
9,3,18.402,24.153,0.2254,1.15
9,3,18.326,22.389,0.2504,1.23
9,3,18.402,21.163,0.2752,1.26
9,3,18.479,19.859,0.3037,1.26
9,3,18.556,19.016,0.3254,1.26
9,3,18.786,17.175,0.3572,1.3
9,3,18.939,16.179,0.375,1.33
9,3,19.092,15.259,0.4004,1.35
9,3,19.092,14.645,0.4265,1.37
9,3,19.169,13.802,0.4508,1.37
9,3,19.169,13.188,0.4753,1.35
9,3,19.246,12.422,0.4997,1.34
9,3,19.246,11.808,0.5289,1.34
9,3,19.246,11.578,0.5505,1.33
9,3,19.246,11.118,0.5756,1.32
9,3,19.246,10.888,0.5998,1.31
9,3,19.246,10.735,0.6255,1.31
9,3,19.246,10.505,0.6509,1.31
9,3,19.246,10.045,0.675,1.29
9,3,19.246,9.738,0.7028,1.27
9,3,19.246,9.661,0.7253,1.25
9,3,19.246,9.508,0.7543,1.22
9,3,19.246,9.508,0.7759,1.22
9,3,19.246,9.508,0.8035,1.24
9,3,19.246,9.431,0.8283,1.25
9,3,19.246,9.431,0.8541,1.21
9,3,19.246,9.431,0.8761,1.11
9,3,19.246,9.431,0.9012,0.41
10,1,19.246,32.817,0,0.17
10,1,19.246,32.817,0.0247,0.25
10,1,19.399,32.817,0.0508,0.29
10,1,19.629,32.817,0.0756,0.33
10,1,19.859,32.664,0.0999,0.4
10,1,20.012,32.511,0.1248,0.45
10,1,20.089,32.204,0.1496,0.49
10,1,20.089,31.897,0.1761,0.53
10,1,20.089,31.667,0.1999,0.58
10,1,20.089,31.284,0.2247,0.61
10,1,20.242,30.747,0.2505,0.62
10,1,20.319,30.287,0.2752,0.64
10,1,20.472,29.674,0.3012,0.68
10,1,20.703,28.677,0.3255,0.72
10,1,20.933,28.217,0.3515,0.76
10,1,21.086,27.603,0.375,0.78
10,1,21.086,26.99,0.3997,0.8
10,1,21.163,25.763,0.4247,0.82
10,1,21.316,24.536,0.4497,0.84
10,1,21.239,23.693,0.4807,0.87
10,1,21.163,23.003,0.5001,0.88
10,1,21.086,21.776,0.5248,0.89
10,1,21.086,20.472,0.5518,0.9
10,1,21.086,19.936,0.5751,0.93
10,1,21.086,18.786,0.6014,0.97
10,1,21.086,17.865,0.6259,0.98
10,1,21.163,16.409,0.6502,1
10,1,21.239,15.489,0.6753,1.03
10,1,21.239,14.798,0.7002,1.07
10,1,21.393,13.648,0.7254,1.1
10,1,21.469,12.422,0.7512,1.12
10,1,21.469,11.885,0.7755,1.12
10,1,21.469,11.425,0.7999,1.12
10,1,21.469,10.888,0.8249,1.12
10,1,21.393,10.428,0.8507,1.11
10,1,21.316,9.738,0.8758,1.09
10,1,21.239,9.048,0.8996,1.09
10,1,21.239,8.588,0.925,1.09
10,1,21.239,7.974,0.9501,1.09
10,1,21.239,7.591,0.9755,1.07
10,1,21.239,7.284,1,1.06
10,1,21.239,6.978,1.0245,1.05
10,1,21.239,6.747,1.0545,1.04
10,1,21.239,6.517,1.0752,1.03
10,1,21.239,6.287,1.0998,1.01
10,1,21.239,6.134,1.1248,1
10,1,21.239,5.904,1.1501,0.99
10,1,21.239,5.597,1.1753,0.97
10,1,21.469,5.367,1.2011,0.83
10,1,21.546,5.291,1.226,0.56
10,1,21.546,5.291,1.2511,0.2
10,2,18.402,32.357,0,0.25
10,2,18.402,32.357,0.0251,0.28
10,2,18.402,32.357,0.0495,0.31
10,2,18.402,32.357,0.0766,0.37
10,2,18.402,32.357,0.1008,0.45
10,2,18.402,32.357,0.1279,0.52
10,2,18.402,32.357,0.1499,0.59
10,2,18.326,32.281,0.175,0.65
10,2,18.172,32.127,0.2004,0.71
10,2,18.172,31.974,0.2254,0.74
10,2,18.096,31.59,0.2517,0.78
10,2,18.096,31.284,0.2751,0.8
10,2,18.096,30.824,0.3043,0.84
10,2,18.019,30.364,0.3248,0.86
10,2,17.942,29.597,0.3496,0.89
10,2,17.942,29.137,0.3752,0.93
10,2,17.942,28.447,0.3999,0.95
10,2,17.942,27.987,0.4248,0.96
10,2,17.942,27.68,0.4495,0.97
10,2,17.942,27.067,0.4803,0.99
10,2,17.942,26.07,0.5006,1
10,2,17.942,25.38,0.5247,1
10,2,17.942,24.46,0.5508,1
10,2,17.942,24,0.5747,0.99
10,2,17.942,23.463,0.6003,1
10,2,17.942,22.619,0.625,1.01
10,2,17.865,21.853,0.6495,1.02
10,2,17.865,20.703,0.6748,1.02
10,2,17.865,19.936,0.7005,1.03
10,2,17.789,19.629,0.725,1.05
10,2,17.712,19.092,0.7496,1.07
10,2,17.559,18.249,0.7764,1.07
10,2,17.559,17.865,0.8012,1.1
10,2,17.559,17.175,0.8248,1.11
10,2,17.482,16.409,0.85,1.11
10,2,17.482,16.102,0.8755,1.11
10,2,17.482,15.719,0.9004,1.11
10,2,17.482,15.335,0.9246,1.11
10,2,17.482,15.105,0.9518,1.14
10,2,17.482,14.722,0.9747,1.14
10,2,17.482,14.185,1,1.16
10,2,17.482,13.802,1.0246,1.17
10,2,17.482,12.882,1.0513,1.18
10,2,17.482,12.038,1.0747,1.2
10,2,17.482,11.655,1.0997,1.22
10,2,17.482,11.195,1.1246,1.25
10,2,17.482,10.735,1.1505,1.26
10,2,17.482,10.428,1.1758,1.26
10,2,17.559,9.968,1.1996,1.27
10,2,17.559,9.738,1.2247,1.27
10,2,17.559,9.278,1.2496,1.27
10,2,17.559,8.894,1.2753,1.27
10,2,17.635,8.664,1.3001,1.27
10,2,17.635,8.358,1.3245,1.26
10,2,17.635,8.051,1.3525,1.26
10,2,17.712,7.821,1.3751,1.28
10,2,17.789,7.668,1.3997,1.3
10,2,17.789,7.438,1.4245,1.3
10,2,17.865,7.284,1.4496,1.29
10,2,18.096,7.054,1.476,1.29
10,2,18.249,6.824,1.4996,1.28
10,2,18.249,6.824,1.5256,1.26
10,2,18.402,6.594,1.5496,1.25
10,2,18.556,6.441,1.5752,1.25
10,2,18.632,6.441,1.5999,1.23
10,2,18.632,6.441,1.6252,1.15
10,2,18.709,6.441,1.6507,0.72
10,2,18.709,6.441,1.6747,0.24
10,3,17.559,32.587,0,0.14
10,3,17.559,32.587,0.0251,0.2
10,3,17.559,32.587,0.0498,0.21
10,3,17.559,32.587,0.0752,0.27
10,3,17.559,32.587,0.0996,0.41
10,3,17.559,32.587,0.1252,0.54
10,3,17.559,32.587,0.1503,0.58
10,3,17.559,32.587,0.1745,0.64
10,3,17.559,32.587,0.1994,0.7
10,3,17.559,32.434,0.2249,0.76
10,3,17.559,32.281,0.2502,0.81
10,3,17.559,32.127,0.2754,0.86
10,3,17.559,31.897,0.2996,0.92
10,3,17.635,31.514,0.326,0.97
10,3,17.712,31.13,0.3508,1.01
10,3,17.942,30.364,0.3774,1.04
10,3,17.942,29.98,0.3995,1.05
10,3,17.942,29.137,0.4276,1.07
10,3,17.865,28.37,0.4497,1.07
10,3,17.865,27.987,0.4744,1.08
10,3,17.635,27.45,0.5005,1.08
10,3,17.559,26.76,0.525,1.08
10,3,17.405,26.07,0.5497,1.1
10,3,17.175,25.073,0.5745,1.11
10,3,17.099,24.23,0.6002,1.11
10,3,17.099,23.846,0.625,1.11
10,3,17.099,22.849,0.6651,1.14
10,3,17.099,22.619,0.6754,1.14
10,3,17.099,22.006,0.7,1.15
10,3,17.099,21.163,0.7256,1.16
10,3,17.099,20.472,0.75,1.16
10,3,17.099,20.012,0.7767,1.16
10,3,17.099,19.629,0.7993,1.17
10,3,17.099,19.092,0.8248,1.18
10,3,17.175,18.709,0.8504,1.2
10,3,17.175,17.865,0.8745,1.21
10,3,17.252,17.022,0.9037,1.22
10,3,17.252,16.409,0.9252,1.25
10,3,17.252,15.642,0.954,1.28
10,3,17.252,15.182,0.9746,1.29
10,3,17.252,14.415,0.9998,1.3
10,3,17.252,13.572,1.0254,1.32
10,3,17.252,12.958,1.0499,1.33
10,3,17.252,12.268,1.075,1.33
10,3,17.252,11.731,1.0999,1.33
10,3,17.252,11.425,1.1253,1.33
10,3,17.252,11.041,1.1501,1.34
10,3,17.329,10.658,1.1748,1.36
10,3,17.405,10.351,1.1999,1.38
10,3,17.559,9.891,1.2249,1.39
10,3,17.635,9.508,1.25,1.4
10,3,17.635,9.201,1.2749,1.42
10,3,17.635,8.741,1.3018,1.44
10,3,17.635,8.358,1.3248,1.46
10,3,17.635,8.128,1.3501,1.45
10,3,17.635,7.821,1.3752,1.4
10,3,17.635,7.668,1.3994,1.38
10,3,17.635,7.514,1.4253,1.37
10,3,17.635,7.284,1.4504,1.36
10,3,17.635,7.054,1.4798,1.33
10,3,17.635,6.901,1.4995,1.31
10,3,17.635,6.747,1.5249,1.31
10,3,17.635,6.594,1.5499,1.33
10,3,17.635,6.594,1.5746,1.32
10,3,17.635,6.517,1.5997,1.28
10,3,17.635,6.517,1.6245,1.16
10,3,17.635,6.517,1.6502,0.77
10,3,17.635,6.517,1.6748,0.23
11,1,18.479,32.894,0,0.12
11,1,18.479,32.894,0.0243,0.2
11,1,18.479,32.894,0.0489,0.24
11,1,18.479,32.894,0.0757,0.38
11,1,18.479,32.894,0.0988,0.72
11,1,18.479,32.894,0.1244,0.9
11,1,18.479,32.817,0.1498,0.94
11,1,18.479,32.817,0.175,1.02
11,1,18.479,32.817,0.1987,1.22
11,1,18.479,32.817,0.2243,1.41
11,1,18.479,32.817,0.2508,1.44
11,1,18.479,32.817,0.2745,1.39
11,1,18.479,32.817,0.299,1.39
11,1,18.479,32.817,0.3239,1.42
11,1,18.479,32.817,0.3513,1.43
11,1,18.479,32.817,0.3776,1.42
11,1,18.479,32.741,0.399,1.42
11,1,18.479,32.357,0.4253,1.42
11,1,18.479,31.974,0.4487,1.42
11,1,18.632,31.13,0.4742,1.42
11,1,18.786,30.44,0.4987,1.4
11,1,18.939,29.904,0.5245,1.33
11,1,19.092,29.214,0.5494,1.28
11,1,19.169,28.523,0.574,1.25
11,1,19.246,28.217,0.599,1.26
11,1,19.246,27.833,0.6239,1.26
11,1,19.322,27.527,0.6494,1.28
11,1,19.322,26.837,0.674,1.3
11,1,19.322,26.377,0.6985,1.3
11,1,19.322,25.993,0.7244,1.27
11,1,19.322,25.073,0.7489,1.25
11,1,19.322,24.076,0.7754,1.23
11,1,19.322,23.693,0.7993,1.17
11,1,19.246,22.773,0.8235,1.13
11,1,19.169,21.776,0.8492,1.16
11,1,19.169,21.009,0.8799,1.22
11,1,19.169,20.549,0.8989,1.21
11,1,19.399,19.936,0.9281,1.18
11,1,19.476,19.476,0.9502,1.19
11,1,19.706,18.556,0.9743,1.19
11,1,19.782,17.329,0.9988,1.16
11,1,19.859,16.409,1.0235,1.15
11,1,20.012,15.642,1.0489,1.14
11,1,20.089,15.028,1.0741,1.06
11,1,20.089,14.568,1.1004,1.06
11,1,20.166,13.802,1.1238,1.13
11,1,20.166,13.265,1.1496,1.14
11,1,20.166,12.805,1.1753,1.08
11,1,20.089,12.038,1.199,1.08
11,1,19.859,11.578,1.2264,1.13
11,1,19.859,11.271,1.2485,1.15
11,1,19.782,10.658,1.2771,1.16
11,1,19.782,9.815,1.2997,1.16
11,1,19.782,9.431,1.3248,1.15
11,1,19.782,8.894,1.3515,1.02
11,1,19.629,8.281,1.3755,1.03
11,1,19.399,7.668,1.4058,1.13
11,1,19.322,7.514,1.4237,1.19
11,1,19.322,7.361,1.4486,1.16
11,1,19.322,7.208,1.4747,1.08
11,1,19.322,7.208,1.4988,0.96
11,1,19.322,7.208,1.525,0.88
11,1,19.322,7.208,1.5485,0.77
11,1,19.322,7.208,1.5754,0.41
11,2,18.786,33.507,0,0.22
11,2,18.786,33.507,0.0243,0.36
11,2,18.786,33.507,0.0506,0.4
11,2,18.786,33.507,0.0764,0.53
11,2,18.786,33.507,0.1042,0.6
11,2,18.786,33.507,0.1343,0.69
11,2,18.786,33.507,0.1534,0.73
11,2,18.786,33.507,0.1862,0.87
11,2,18.786,33.507,0.241,0.97
11,2,18.786,33.507,0.2572,0.99
11,2,18.862,33.431,0.2626,0.99
11,2,19.092,33.201,0.2819,1.05
11,2,19.322,32.894,0.3004,1.08
11,2,19.629,32.357,0.3254,1.09
11,2,19.859,32.051,0.3509,1.09
11,2,20.089,31.514,0.3743,1.13
11,2,20.242,30.977,0.411,1.14
11,2,20.242,30.517,0.4412,1.1
11,2,20.242,30.364,0.4508,1.1
11,2,20.242,29.75,0.4743,1.11
11,2,20.242,29.214,0.5011,1.11
11,2,20.089,28.447,0.5306,1.1
11,2,20.089,28.063,0.5563,1.08
11,2,20.012,27.757,0.5773,1.07
11,2,19.859,27.22,0.5992,1.06
11,2,19.629,26.07,0.6309,1.14
11,2,19.322,24.766,0.6537,1.17
11,2,19.092,24,0.6882,1.15
11,2,19.016,23.616,0.7106,1.16
11,2,19.016,23.463,0.7246,1.18
11,2,19.016,22.696,0.7523,1.21
11,2,19.016,21.393,0.7858,1.24
11,2,18.939,20.703,0.8096,1.25
11,2,18.939,20.089,0.827,1.25
11,2,18.939,19.322,0.8515,1.27
11,2,18.786,18.709,0.8755,1.27
11,2,18.786,18.019,0.9001,1.26
11,2,18.632,17.482,0.9254,1.25
11,2,18.402,16.715,0.9496,1.25
11,2,18.249,15.949,0.9758,1.29
11,2,18.172,15.565,1.0019,1.36
11,2,18.172,15.105,1.0274,1.34
11,2,18.172,14.798,1.0532,1.29
11,2,18.096,14.338,1.0751,1.28
11,2,17.865,13.035,1.1107,1.35
11,2,17.865,12.652,1.1292,1.36
11,2,17.865,12.345,1.1509,1.34
11,2,17.865,11.885,1.175,1.27
11,2,17.865,11.501,1.1999,1.26
11,2,17.865,11.195,1.225,1.29
11,2,17.865,10.965,1.255,1.31
11,2,17.942,10.581,1.2842,1.26
11,2,17.942,10.428,1.3008,1.23
11,2,18.096,9.968,1.3334,1.22
11,2,18.096,9.815,1.3501,1.24
11,2,18.096,9.278,1.3801,1.24
11,2,18.096,8.971,1.3996,1.24
11,2,18.096,8.741,1.4249,1.21
11,2,18.096,8.434,1.4534,1.17
11,2,18.096,7.974,1.4754,1.17
11,2,18.096,7.668,1.5017,1.17
11,2,18.096,7.591,1.5253,1.15
11,2,18.096,7.514,1.5507,0.98
11,2,18.019,7.591,1.5757,0.77
11,2,18.019,7.591,1.6054,0.24
11,2,18.019,7.591,1.6257,0.1
11,3,18.709,32.664,0,0.12
11,3,18.632,32.664,0.0373,0.2
11,3,18.326,32.587,0.0529,0.2
11,3,18.096,32.434,0.0766,0.3
11,3,17.789,32.357,0.0987,0.42
11,3,17.559,32.357,0.1245,0.5
11,3,17.559,32.357,0.1494,0.61
11,3,17.559,32.357,0.1765,0.8
11,3,17.559,32.357,0.1988,0.91
11,3,17.559,32.357,0.2242,0.93
11,3,17.559,32.357,0.2503,0.95
11,3,17.559,32.357,0.276,1.03
11,3,17.559,32.357,0.3003,1.09
11,3,17.559,32.357,0.3238,1.13
11,3,17.559,32.357,0.3504,1.16
11,3,17.559,32.281,0.376,1.17
11,3,17.482,32.127,0.3996,1.17
11,3,17.482,31.667,0.4281,1.19
11,3,17.482,31.437,0.4497,1.2
11,3,17.559,30.9,0.4803,1.19
11,3,17.635,30.517,0.4991,1.18
11,3,17.789,29.98,0.5255,1.15
11,3,17.789,29.137,0.5498,1.13
11,3,17.712,28.6,0.5739,1.13
11,3,17.635,27.987,0.6,1.13
11,3,17.559,27.527,0.6263,1.06
11,3,17.559,27.22,0.6489,1.05
11,3,17.405,26.3,0.6751,1.04
11,3,17.099,24.843,0.7026,1.02
11,3,17.022,24.153,0.7254,1
11,3,16.792,23.54,0.7489,1
11,3,16.792,23.079,0.7768,1.02
11,3,16.792,22.696,0.7988,1.06
11,3,16.715,21.929,0.8246,1.08
11,3,16.715,21.086,0.8496,1.09
11,3,16.715,20.089,0.874,1.08
11,3,16.715,19.629,0.9003,1.08
11,3,16.715,19.246,0.9266,1.07
11,3,16.715,18.939,0.949,1.09
11,3,16.792,18.326,0.9752,1.17
11,3,16.792,17.865,1.0003,1.19
11,3,16.945,17.099,1.0257,1.18
11,3,16.945,16.255,1.054,1.19
11,3,16.945,15.872,1.0763,1.28
11,3,16.945,15.489,1.0992,1.32
11,3,17.099,15.028,1.1246,1.31
11,3,17.175,14.722,1.1493,1.31
11,3,17.405,14.108,1.1782,1.38
11,3,17.559,13.572,1.1992,1.38
11,3,17.559,13.112,1.2257,1.34
11,3,17.559,12.498,1.2515,1.34
11,3,17.559,12.268,1.2745,1.34
11,3,17.559,12.038,1.2992,1.28
11,3,17.789,11.655,1.3242,1.24
11,3,17.789,11.271,1.3503,1.25
11,3,17.789,11.118,1.3746,1.26
11,3,17.789,10.888,1.3989,1.2
11,3,17.865,10.581,1.4252,1.18
11,3,17.865,10.275,1.4503,1.22
11,3,17.865,9.891,1.4749,1.24
11,3,17.865,9.738,1.5003,1.19
11,3,17.865,9.661,1.5252,1.09
11,3,17.865,9.661,1.5516,0.98
11,3,17.865,9.508,1.5789,0.91
11,3,17.712,9.124,1.6007,0.82
11,3,17.559,8.894,1.6237,0.59
11,3,17.559,8.894,1.6489,0.25
11,3,17.559,8.894,1.6747,0.1
11,3,17.559,8.894,1.7005,0.1
11,3,17.559,8.894,1.7244,0.11
11,3,17.559,8.894,1.7492,0.1
11,3,17.559,8.894,1.7745,0.1
11,3,17.559,8.894,1.7993,0.11
11,3,17.559,8.894,1.8254,0.11
11,3,17.559,8.894,1.8487,0.11
11,3,17.559,8.894,1.874,0.11
11,3,17.559,8.894,1.8992,0.1
11,3,17.559,8.894,1.9248,0.1
11,3,17.559,8.894,1.9486,0.1
11,3,17.559,8.894,1.9743,0.11
11,3,17.559,8.894,2.0003,0.11
11,3,17.559,8.894,2.0238,0.11
11,3,17.559,8.894,2.0493,0.1
11,3,17.559,8.894,2.074,0.11
11,3,17.559,8.894,2.0996,0.1
11,3,17.559,8.894,2.124,0.12
11,3,17.559,8.894,2.1496,0.1
11,3,17.559,8.894,2.1738,0.1
11,3,17.559,8.894,2.2016,0.1
11,3,17.559,8.894,2.2253,0.1
11,3,17.559,8.894,2.2747,0.1
11,3,17.559,8.894,2.3,0.11
11,3,17.559,8.894,2.3275,0.11
11,3,17.559,8.894,2.3499,0.12
11,3,17.559,8.894,2.3764,0.11
11,3,17.559,8.894,2.3992,0.11
11,3,17.559,8.894,2.4244,0.11
11,3,17.559,8.894,2.452,0.11
11,3,17.559,8.894,2.4754,0.11
11,3,17.559,8.894,2.4988,0.11
11,3,17.559,8.894,2.5242,0.11
11,3,17.559,8.894,2.5506,0.11
11,3,17.559,8.894,2.5743,0.11
11,3,17.559,8.894,2.5988,0.11
11,3,17.559,8.894,2.6254,0.11
11,3,17.559,8.894,2.6487,0.11
11,3,17.559,8.894,2.6802,0.11
11,3,17.559,8.894,2.6988,0.12
11,3,17.559,8.894,2.7241,0.11
11,3,17.559,8.894,2.7489,0.11
11,3,17.559,8.894,2.7739,0.11
11,3,17.559,8.894,2.8013,0.11
11,3,17.559,8.894,2.8995,0.1
11,3,17.559,8.894,2.9247,0.1
11,3,17.559,8.894,2.9489,0.11
11,3,17.559,8.894,2.9741,0.1
11,3,17.559,8.894,2.9992,0.1
11,3,17.559,8.894,3.0284,0.1
11,3,17.559,8.894,3.0487,0.1
11,3,17.559,8.894,3.0743,0.1
11,3,17.559,8.894,3.1332,0.13
11,3,17.559,8.894,3.2488,0.23
11,3,17.559,8.894,3.3019,0.16
11,3,17.559,8.894,3.3262,0.1
11,3,17.559,8.894,3.3497,0.1
11,3,17.559,8.894,3.3775,0.13
11,3,17.559,8.894,3.4325,0.1
11,3,17.559,8.894,3.475,0.1
11,3,17.559,8.894,3.4986,0.1
11,3,17.559,8.894,3.5241,0.12
11,3,17.559,8.894,3.5495,0.1
11,3,17.559,8.894,3.5742,0.12
11,3,17.559,8.894,3.5988,0.12
11,3,17.559,8.894,3.624,0.11
11,3,17.559,8.894,3.6497,0.11
11,3,17.559,8.894,3.6748,0.1
11,3,17.559,8.894,3.6988,0.1
11,3,17.559,8.894,3.7275,0.12
11,3,17.559,8.894,3.7494,0.12
11,3,17.559,8.894,3.7791,0.11
11,3,17.559,8.894,3.8009,0.11
11,3,17.559,8.894,3.8238,0.11
11,3,17.559,8.894,3.8505,0.1
11,3,17.559,8.894,3.8744,0.1
11,3,17.559,8.894,3.8992,0.11
11,3,17.559,8.894,3.9241,0.11
11,3,17.559,8.894,3.9498,0.1
11,3,17.559,8.894,3.9739,0.11
11,3,17.559,8.894,4.0055,0.11
11,3,17.559,8.894,4.0243,0.11
11,3,17.559,8.894,4.0494,0.1
11,3,17.559,8.894,4.0762,0.1
11,3,17.559,8.894,4.0989,0.11
11,3,17.559,8.894,4.1244,0.11
11,3,17.559,8.894,4.1487,0.11
11,3,17.559,8.894,4.1762,0.11
11,3,17.559,8.894,4.2015,0.11
11,3,17.559,8.894,4.2237,0.1
11,3,17.559,8.894,4.2487,0.12
12,1,19.782,33.201,0,0.26
12,1,19.706,33.201,0.0264,0.26
12,1,19.706,33.201,0.0499,0.29
12,1,19.706,33.201,0.0747,0.34
12,1,19.706,33.201,0.1008,0.62
12,1,19.706,33.201,0.1249,1.01
12,1,19.706,33.201,0.1499,1.41
12,1,19.706,33.201,0.1749,1.74
12,1,19.552,32.894,0.2038,2.23
12,1,19.476,31.821,0.2246,2.36
12,1,19.552,29.904,0.2499,2.52
12,1,19.782,25.916,0.2756,2.53
12,1,19.629,22.236,0.3002,2.53
12,1,19.399,20.012,0.3262,2.55
12,1,18.786,16.562,0.3513,2.62
12,1,18.556,13.495,0.3789,2.64
12,1,18.402,11.961,0.3998,2.63
12,1,18.326,10.735,0.4266,2.65
12,1,18.326,10.351,0.4502,2.72
12,1,18.326,10.045,0.4746,2.77
12,1,18.326,9.815,0.5021,2.77
12,1,18.326,9.815,0.5249,2.77
12,1,18.326,9.815,0.5504,2.83
12,1,18.326,9.815,0.5748,2.92
12,1,18.326,9.815,0.6003,2.93
12,1,18.326,9.815,0.6249,2.94
12,1,18.326,9.815,0.6498,2.98
12,1,18.326,9.815,0.6747,3.05
12,1,18.326,9.815,0.7002,3.12
12,1,18.326,9.815,0.7251,3.16
12,1,18.326,9.815,0.75,3.16
12,1,18.326,9.815,0.7751,3.06
12,1,18.326,9.815,0.8013,2.85
12,1,18.326,9.815,0.8249,2.17
12,1,18.326,9.815,0.8496,1.04
12,1,18.326,9.815,0.8748,0.29
12,1,18.326,9.815,0.9004,0.11
12,2,19.859,32.587,0,0.11
12,2,19.859,32.587,0.0233,0.13
12,2,19.859,32.587,0.0486,0.12
12,2,19.476,33.201,0.1731,0.15
12,2,19.322,33.201,0.1977,0.67
12,2,19.322,33.201,0.2235,1.2
12,2,19.322,33.201,0.2483,1.41
12,2,19.322,33.201,0.2768,1.76
12,2,19.322,33.201,0.2983,1.91
12,2,19.322,33.124,0.3231,2.21
12,2,19.476,32.741,0.3483,2.29
12,2,19.706,32.051,0.3735,2.39
12,2,19.859,31.207,0.3989,2.51
12,2,20.396,28.37,0.423,2.61
12,2,20.779,24.613,0.4489,2.68
12,2,20.933,22.006,0.4729,2.73
12,2,21.009,19.246,0.4976,2.72
12,2,21.086,17.405,0.5236,2.67
12,2,21.086,15.949,0.5482,2.66
12,2,21.086,15.489,0.575,2.77
12,2,21.086,15.182,0.5983,2.81
12,2,21.086,14.415,0.6235,2.88
12,2,21.086,13.265,0.6478,2.87
12,2,21.086,12.728,0.6726,2.86
12,2,21.086,12.268,0.6985,2.87
12,2,21.086,11.885,0.7233,2.95
12,2,21.086,11.731,0.7485,2.98
12,2,21.086,11.501,0.7726,2.92
12,2,21.086,11.348,0.8008,2.83
12,2,21.086,11.348,0.8231,2.82
12,2,21.086,11.348,0.8483,2.88
12,2,21.086,11.271,0.8735,2.89
12,2,21.086,11.271,0.8981,2.85
12,2,21.086,11.271,0.9236,2.78
12,2,21.086,11.271,0.9487,2.79
12,2,21.086,11.271,0.9732,2.81
12,2,21.086,11.271,0.9981,2.83
12,2,21.086,11.271,1.0229,2.85
12,2,21.086,11.271,1.0478,2.82
12,2,21.086,11.271,1.0727,2.65
12,2,21.086,11.271,1.099,2.31
12,2,20.703,11.425,1.1231,1.53
12,2,20.703,11.425,1.1476,0.5
12,3,18.402,32.434,0,0.27
12,3,18.402,32.434,0.0252,0.72
12,3,18.402,32.281,0.0515,1.16
12,3,18.402,32.051,0.0751,1.54
12,3,18.556,31.59,0.0997,1.85
12,3,18.632,30.824,0.125,1.99
12,3,18.709,29.214,0.1499,2.1
12,3,18.709,27.987,0.1755,2.35
12,3,18.632,26.607,0.2004,2.42
12,3,18.556,24.46,0.2262,2.41
12,3,18.402,22.849,0.2499,2.42
12,3,18.249,21.699,0.2749,2.48
12,3,18.172,20.319,0.3005,2.55
12,3,18.096,19.092,0.3251,2.59
12,3,18.096,17.482,0.3506,2.61
12,3,18.096,15.949,0.3746,2.62
12,3,18.096,14.568,0.4001,2.58
12,3,18.096,13.495,0.4261,2.59
12,3,18.096,12.115,0.4498,2.67
12,3,18.096,11.655,0.4746,2.71
12,3,18.096,11.118,0.5003,2.66
12,3,18.096,10.275,0.526,2.66
12,3,18.096,9.738,0.55,2.72
12,3,18.096,9.278,0.577,2.75
12,3,18.019,8.588,0.6007,2.73
12,3,18.019,7.898,0.6288,2.73
12,3,18.019,7.668,0.6496,2.73
12,3,18.019,7.514,0.6756,2.59
12,3,18.019,7.438,0.7008,2.45
12,3,18.019,7.438,0.725,2.42
12,3,18.019,7.438,0.7507,2.29
12,3,18.019,7.438,0.7751,1.54
12,3,18.019,7.438,0.8016,0.18
12,3,18.019,7.438,2.9003,0.14
12,3,18.019,7.438,2.925,0.28
12,3,18.019,7.438,2.9505,0.47
13,1,18.556,29.75,0,0.21
13,1,18.479,29.75,0.0219,0.25
13,1,18.326,29.827,0.0493,0.34
13,1,18.326,29.827,0.0716,0.36
13,1,18.249,29.98,0.0966,0.34
13,1,18.249,30.134,0.123,0.3
13,1,18.249,30.287,0.1466,0.29
13,1,18.249,30.517,0.172,0.31
13,1,18.249,30.67,0.197,0.35
13,1,18.249,30.9,0.2239,0.38
13,1,18.249,31.284,0.2475,0.39
13,1,18.249,31.59,0.2717,0.4
13,1,18.249,31.744,0.2971,0.57
13,1,18.249,31.744,0.3219,0.69
13,1,18.326,31.36,0.3496,0.69
13,1,18.402,30.67,0.3715,0.64
13,1,18.479,28.984,0.3969,0.64
13,1,18.479,28.14,0.4219,0.71
13,1,18.479,25.686,0.4491,0.75
13,1,18.479,23.616,0.4721,0.74
13,1,18.326,22.006,0.4966,0.71
13,1,18.096,20.089,0.5219,0.68
13,1,17.942,19.169,0.5472,0.69
13,1,17.789,17.252,0.5737,0.78
13,1,17.789,15.872,0.5965,0.79
13,1,17.789,14.952,0.6217,0.78
13,1,17.635,13.418,0.6477,0.71
13,1,17.635,12.191,0.6717,0.73
13,1,17.635,11.731,0.6978,0.77
13,1,17.635,11.195,0.7227,0.78
13,1,17.635,10.658,0.7509,0.76
13,1,17.789,10.045,0.772,0.75
13,1,17.865,9.354,0.7964,0.74
13,1,17.942,8.664,0.8219,0.74
13,1,17.942,8.204,0.8479,0.74
13,1,17.942,7.744,0.872,0.74
13,1,17.942,7.438,0.8965,0.74
13,1,17.942,7.131,0.9219,0.72
13,1,18.019,6.594,0.9468,0.59
13,1,18.019,6.594,0.9718,0.17
13,2,18.939,32.204,0,0.18
13,2,18.939,32.204,0.0197,0.18
13,2,18.939,32.204,0.0451,0.19
13,2,18.862,32.127,0.0699,0.28
13,2,18.709,31.897,0.0948,0.41
13,2,18.709,31.59,0.1196,0.44
13,2,18.709,31.284,0.1446,0.47
13,2,18.786,30.44,0.1703,0.53
13,2,18.939,29.52,0.1948,0.58
13,2,19.092,28.753,0.2196,0.62
13,2,19.092,27.91,0.2447,0.63
13,2,18.939,26.837,0.2721,0.64
13,2,18.786,26.07,0.2954,0.67
13,2,18.556,24.996,0.3196,0.75
13,2,18.479,24.076,0.3456,0.83
13,2,18.402,23.54,0.37,0.85
13,2,18.402,22.466,0.397,0.86
13,2,18.402,21.623,0.4196,0.86
13,2,18.249,20.396,0.4448,0.92
13,2,18.249,19.629,0.4702,0.93
13,2,18.249,19.092,0.495,0.93
13,2,18.249,17.865,0.5201,0.95
13,2,18.249,16.792,0.5445,0.97
13,2,18.326,15.872,0.5739,0.97
13,2,18.326,15.412,0.5946,0.97
13,2,18.402,14.492,0.6198,0.96
13,2,18.479,13.878,0.6462,0.95
13,2,18.479,13.035,0.6701,0.93
13,2,18.479,12.345,0.6951,0.93
13,2,18.479,11.885,0.7195,0.97
13,2,18.556,11.501,0.7447,0.99
13,2,18.556,11.041,0.7702,0.96
13,2,18.556,10.658,0.7949,0.96
13,2,18.556,9.968,0.8203,0.97
13,2,18.632,9.584,0.8448,0.95
13,2,18.632,9.201,0.8703,0.9
13,2,18.632,8.971,0.895,0.87
13,2,18.632,8.818,0.9196,0.81
13,2,18.632,8.741,0.9451,0.74
13,2,18.632,8.664,0.9699,0.59
13,2,18.632,8.664,0.9946,0.59
13,2,18.632,8.664,1.0197,0.62
13,2,18.632,8.588,1.0448,0.59
13,2,18.632,8.588,1.0703,0.4
13,3,18.402,31.514,0,0.17
13,3,18.402,31.514,0.0251,0.35
13,3,18.402,31.514,0.0509,0.46
13,3,18.402,31.514,0.0751,0.47
13,3,18.402,31.514,0.1002,0.46
13,3,18.402,31.514,0.1258,0.49
13,3,18.402,31.437,0.1528,0.63
13,3,18.402,31.207,0.1752,0.79
13,3,18.556,30.287,0.2001,0.83
13,3,18.709,29.674,0.2255,0.81
13,3,18.786,28.753,0.2515,0.77
13,3,18.786,28.14,0.2772,0.82
13,3,18.786,27.833,0.2999,0.87
13,3,18.786,26.99,0.3263,0.99
13,3,18.709,26.07,0.3507,1
13,3,18.709,25.61,0.3752,1
13,3,18.709,25.073,0.4006,1
13,3,18.709,24.306,0.4252,1.03
13,3,18.709,23.923,0.4506,1.09
13,3,18.709,23.003,0.476,1.1
13,3,18.556,22.083,0.5006,1.09
13,3,18.556,21.776,0.5271,1.08
13,3,18.556,21.086,0.5503,1.12
13,3,18.556,20.472,0.5757,1.19
13,3,18.556,19.859,0.6005,1.22
13,3,18.556,19.246,0.6255,1.22
13,3,18.556,18.709,0.651,1.22
13,3,18.556,17.865,0.6752,1.22
13,3,18.402,16.945,0.7005,1.23
13,3,18.402,16.409,0.7253,1.27
13,3,18.402,15.795,0.7504,1.32
13,3,18.402,15.028,0.7751,1.33
13,3,18.326,14.185,0.8044,1.33
13,3,18.326,13.802,0.8252,1.31
13,3,18.326,13.342,0.8505,1.31
13,3,18.326,12.882,0.875,1.34
13,3,18.326,12.115,0.9008,1.36
13,3,18.326,11.655,0.926,1.34
13,3,18.326,11.501,0.9504,1.25
13,3,18.326,11.271,0.9757,1.25
13,3,18.326,11.041,1.0005,1.33
13,3,18.402,10.888,1.0256,1.33
13,3,18.402,10.505,1.0503,1.24
13,3,18.402,10.351,1.0752,1.15
13,3,18.402,10.351,1.1008,1.13
13,3,18.402,10.275,1.1262,1.13
13,3,18.402,10.121,1.151,1.09
13,3,18.556,9.891,1.175,0.89
13,3,18.556,9.891,1.2008,0.48
13,3,18.556,9.891,1.2253,0.1
14,1,17.942,30.977,0,0.74
14,1,17.942,30.977,0.0206,0.78
14,1,17.942,30.977,0.0462,0.78
14,1,17.942,30.9,0.0708,0.78
14,1,17.942,30.9,0.0959,0.81
14,1,17.942,30.9,0.1207,0.85
14,1,17.942,30.9,0.146,0.85
14,1,17.942,30.9,0.1709,0.84
14,1,17.942,30.9,0.1952,0.83
14,1,17.942,30.9,0.2213,0.86
14,1,17.942,30.9,0.2458,0.94
14,1,17.942,31.054,0.2704,1.03
14,1,17.942,31.13,0.2953,1.06
14,1,17.942,31.13,0.3204,1.05
14,1,17.942,31.13,0.3462,1.04
14,1,17.942,31.13,0.3706,1.05
14,1,17.942,31.13,0.3955,1.07
14,1,17.942,30.287,0.4207,1.08
14,1,17.635,27.91,0.4474,0.94
14,1,17.405,25.15,0.4703,0.87
14,1,17.405,22.466,0.4975,0.86
14,1,17.635,20.396,0.5214,0.83
14,1,17.789,17.252,0.5458,0.73
14,1,17.865,15.642,0.5755,0.62
14,1,18.019,14.185,0.5959,0.62
14,1,18.249,12.038,0.6265,0.67
14,1,18.326,10.658,0.6455,0.66
14,1,18.326,8.511,0.6707,0.54
14,1,18.172,7.668,0.696,0.39
14,1,18.172,7.208,0.7222,0.4
14,1,18.172,6.364,0.7468,0.42
14,1,18.172,6.211,0.7707,0.42
14,1,18.172,6.211,1.2703,0.14
14,1,18.172,6.211,1.2957,0.23
14,1,18.172,6.211,1.3244,0.29
14,1,18.172,6.211,1.3462,0.32
14,1,18.172,6.211,1.3705,0.37
14,1,18.172,6.211,1.3973,0.4
14,2,17.789,31.207,0,0.41
14,2,17.789,31.207,0.025,0.45
14,2,17.789,31.207,0.0498,0.47
14,2,17.789,31.207,0.0757,0.47
14,2,17.789,31.207,0.1002,0.43
14,2,19.169,33.431,0.1259,0.43
14,2,19.092,33.507,0.1502,0.49
14,2,18.862,33.737,0.1749,0.6
14,2,18.786,33.814,0.2002,0.67
14,2,18.786,33.814,0.2251,0.68
14,2,18.786,33.814,0.2513,0.71
14,2,18.786,33.814,0.2752,0.74
14,2,18.786,33.737,0.3037,0.81
14,2,18.709,33.277,0.3249,0.85
14,2,18.479,32.051,0.3508,0.9
14,2,18.249,30.287,0.3764,0.89
14,2,17.942,28.293,0.4001,0.88
14,2,17.942,25.226,0.4272,0.86
14,2,18.019,23.003,0.4503,0.79
14,2,18.326,19.706,0.478,0.74
14,2,18.556,17.252,0.5006,0.67
14,2,18.556,14.568,0.5249,0.65
14,2,18.249,12.115,0.551,0.59
14,2,18.172,10.965,0.5751,0.56
14,2,18.096,8.741,0.6005,0.58
14,2,18.096,7.438,0.6256,0.6
14,2,18.096,6.747,0.656,0.39
14,2,18.096,6.517,0.6766,0.23
14,2,18.096,6.517,0.7,0.18
14,2,18.096,6.517,0.7261,0.11
14,2,18.096,6.517,1.2765,0.11
14,2,18.096,6.517,1.3,0.14
14,2,18.096,6.517,1.3254,0.17
14,2,18.096,6.517,1.3507,0.19
14,2,18.096,6.517,1.375,0.21
14,2,18.096,6.517,1.3998,0.22
14,2,18.096,6.517,1.4252,0.23
14,2,18.096,6.517,1.4502,0.24
14,3,18.479,33.814,0,0.25
14,3,18.479,33.814,0.0251,0.27
14,3,18.479,33.814,0.0511,0.44
14,3,18.479,33.814,0.0753,0.53
14,3,18.479,33.737,0.1009,0.52
14,3,18.479,33.507,0.1249,0.51
14,3,18.249,32.894,0.1504,0.53
14,3,18.249,32.357,0.1754,0.57
14,3,18.249,31.36,0.1999,0.61
14,3,18.249,29.674,0.2258,0.55
14,3,18.249,28.523,0.2514,0.48
14,3,18.402,26.607,0.2803,0.48
14,3,18.632,25.073,0.3002,0.53
14,3,18.709,23.309,0.3254,0.53
14,3,18.556,21.163,0.3506,0.5
14,3,18.479,20.166,0.3755,0.51
14,3,18.479,18.709,0.4,0.58
14,3,18.632,16.869,0.4252,0.6
14,3,18.786,15.489,0.4561,0.61
14,3,18.862,14.415,0.475,0.61
14,3,19.016,12.958,0.4998,0.61
14,3,19.016,12.191,0.5258,0.58
14,3,19.169,11.348,0.5502,0.59
14,3,19.246,10.581,0.5755,0.58
14,3,19.246,10.121,0.5998,0.51
14,3,19.246,9.584,0.6257,0.45
14,3,19.246,9.201,0.6531,0.46
14,3,19.246,9.048,0.6755,0.46
14,3,19.246,8.971,0.6999,0.43
14,3,19.246,8.818,0.7252,0.32
14,3,19.246,8.664,0.7524,0.3
14,3,19.246,8.664,0.7752,0.29
14,3,19.246,8.664,0.7998,0.19
14,3,19.246,8.664,1.728,0.11
14,3,19.246,8.664,1.7499,0.11
14,3,19.246,8.664,1.7753,0.11
14,3,19.246,8.664,1.8002,0.11
14,3,19.246,8.664,1.825,0.12
14,3,19.246,8.664,1.85,0.12
14,3,19.246,8.664,1.8753,0.13
14,3,19.246,8.664,1.9006,0.13
15,1,18.556,31.974,0,0.18
15,1,18.556,31.974,0.0263,0.35
15,1,18.556,31.974,0.0503,0.46
15,1,18.556,31.974,0.0766,0.53
15,1,18.556,31.974,0.1002,0.92
15,1,18.556,31.974,0.1256,1.21
15,1,18.556,31.974,0.151,1.47
15,1,18.556,31.974,0.1756,1.74
15,1,18.556,31.974,0.2005,1.99
15,1,18.556,31.974,0.2254,2.13
15,1,18.556,31.821,0.2519,2.22
15,1,18.479,31.59,0.2754,2.29
15,1,18.402,31.054,0.3012,2.33
15,1,18.326,30.44,0.3257,2.34
15,1,18.326,29.367,0.3504,2.42
15,1,18.326,28.447,0.3757,2.45
15,1,18.326,28.063,0.4003,2.46
15,1,18.326,27.143,0.4282,2.47
15,1,18.326,25.84,0.4502,2.49
15,1,18.326,24.69,0.4797,2.55
15,1,18.402,24.076,0.5002,2.59
15,1,18.402,23.233,0.5254,2.59
15,1,18.402,22.543,0.5507,2.59
15,1,18.402,21.469,0.5752,2.63
15,1,18.402,20.242,0.6001,2.7
15,1,18.402,19.782,0.6254,2.71
15,1,18.402,18.939,0.6522,2.69
15,1,18.326,17.712,0.6754,2.7
15,1,18.326,16.792,0.7003,2.75
15,1,18.326,15.949,0.7252,2.76
15,1,18.326,15.565,0.7506,2.71
15,1,18.326,15.259,0.777,2.74
15,1,18.326,14.798,0.8001,2.83
15,1,18.326,13.955,0.8257,2.84
15,1,18.326,13.495,0.8504,2.79
15,1,18.326,12.882,0.8753,2.77
15,1,18.326,12.575,0.9003,2.76
15,1,18.326,11.961,0.9265,2.81
15,1,18.326,11.578,0.9509,2.85
15,1,18.326,11.271,0.9754,2.84
15,1,18.326,10.965,1.0022,2.81
15,1,18.326,10.658,1.0254,2.78
15,1,18.326,10.121,1.0536,2.79
15,1,18.326,9.738,1.0755,2.79
15,1,18.326,9.431,1.1001,2.76
15,1,18.326,9.201,1.128,2.71
15,1,18.326,9.201,1.1506,2.73
15,1,18.326,8.894,1.1789,2.79
15,1,18.326,8.511,1.2002,2.8
15,1,18.326,8.204,1.2256,2.7
15,1,18.326,7.974,1.2505,2.63
15,1,18.326,7.898,1.2752,2.63
15,1,18.326,7.668,1.3005,2.67
15,1,18.326,7.438,1.3261,2.65
15,1,18.326,7.284,1.3513,2.55
15,1,18.326,7.208,1.3754,2.48
15,1,18.326,7.208,1.4002,2.41
15,1,18.326,7.208,1.4253,2.34
15,1,18.326,7.208,1.4503,1.92
15,1,18.326,7.208,1.4758,1.32
15,1,18.402,7.208,1.5002,0.57
15,1,18.402,7.208,1.5261,0.11
15,2,19.859,31.284,0,0.18
15,2,19.706,31.284,0.0243,0.3
15,2,19.476,31.284,0.0499,0.36
15,2,19.476,31.284,0.0742,0.44
15,2,19.246,31.36,0.1042,0.71
15,2,19.092,31.36,0.1241,0.83
15,2,18.939,31.36,0.1489,1.14
15,2,18.862,31.36,0.1747,1.61
15,2,18.862,31.36,0.2001,1.82
15,2,18.862,31.36,0.224,1.98
15,2,18.862,31.36,0.2489,2.07
15,2,18.862,31.36,0.2766,2.16
15,2,18.862,31.284,0.3005,2.26
15,2,18.786,30.9,0.324,2.32
15,2,18.709,29.904,0.3489,2.35
15,2,18.632,29.06,0.3743,2.39
15,2,18.709,28.063,0.3995,2.46
15,2,18.862,26.607,0.4248,2.53
15,2,18.862,25.61,0.449,2.56
15,2,18.862,24.383,0.475,2.57
15,2,18.786,23.616,0.5015,2.57
15,2,18.632,22.849,0.5257,2.65
15,2,18.479,21.393,0.5489,2.75
15,2,18.479,20.166,0.5742,2.77
15,2,18.479,19.629,0.5997,2.77
15,2,18.479,18.709,0.6286,2.77
15,2,18.479,17.559,0.6488,2.8
15,2,18.479,16.869,0.6751,2.87
15,2,18.479,16.025,0.6992,2.93
15,2,18.479,15.489,0.7247,2.91
15,2,18.479,15.105,0.7496,2.86
15,2,18.556,14.415,0.7743,2.88
15,2,18.786,13.572,0.7999,2.91
15,2,18.862,13.035,0.8241,2.84
15,2,18.939,12.115,0.8488,2.79
15,2,18.939,11.731,0.8753,2.79
15,2,18.939,11.195,0.8994,2.84
15,2,18.939,10.581,0.9246,2.84
15,2,18.939,10.275,0.9489,2.78
15,2,18.939,9.968,0.9746,2.7
15,2,18.939,9.584,0.999,2.68
15,2,18.939,9.048,1.0258,2.74
15,2,19.016,8.741,1.0489,2.81
15,2,19.016,8.434,1.0745,2.81
15,2,19.016,8.281,1.1002,2.78
15,2,19.016,8.204,1.1239,2.81
15,2,19.016,7.821,1.1517,2.95
15,2,19.016,7.668,1.1747,2.92
15,2,19.016,7.514,1.2019,2.81
15,2,19.016,7.514,1.2238,2.82
15,2,19.016,7.438,1.25,2.85
15,2,19.016,7.284,1.275,2.85
15,2,19.016,7.284,1.3003,2.75
15,2,19.016,7.284,1.3239,2.7
15,2,19.016,7.284,1.3494,2.69
15,2,19.016,7.284,1.3792,2.6
15,2,19.016,7.284,1.3992,2.5
15,2,19.016,7.208,1.4247,2.37
15,2,19.092,7.131,1.4504,1.91
15,2,19.092,7.131,1.4742,0.76
15,2,19.092,7.131,1.4998,0.14
15,3,19.092,31.667,0,0.34
15,3,19.092,31.667,0.0256,0.62
15,3,19.092,31.667,0.0501,0.81
15,3,19.092,31.667,0.0754,1.1
15,3,19.092,31.667,0.1003,1.43
15,3,19.092,31.667,0.1304,1.69
15,3,19.169,31.59,0.1506,1.81
15,3,19.322,30.824,0.1754,1.86
15,3,19.629,29.75,0.2036,1.98
15,3,19.859,28.293,0.2251,2.03
15,3,20.012,27.527,0.2502,2.08
15,3,20.242,25.456,0.2748,2.11
15,3,20.319,24,0.3009,2.1
15,3,20.319,23.156,0.3252,2.1
15,3,20.472,21.163,0.3499,2.14
15,3,20.472,19.782,0.3751,2.22
15,3,20.472,18.556,0.4007,2.26
15,3,20.319,16.715,0.4255,2.26
15,3,20.319,15.642,0.4502,2.26
15,3,20.319,15.105,0.4758,2.3
15,3,20.242,13.878,0.5004,2.33
15,3,20.012,12.575,0.5254,2.35
15,3,20.012,12.038,0.5505,2.34
15,3,19.936,11.578,0.5751,2.34
15,3,19.782,11.041,0.6014,2.39
15,3,19.629,10.505,0.6253,2.48
15,3,19.552,9.738,0.6517,2.51
15,3,19.552,9.048,0.6774,2.49
15,3,19.552,8.588,0.7007,2.49
15,3,19.552,8.281,0.7249,2.55
15,3,19.552,8.128,0.7504,2.61
15,3,19.552,7.898,0.7752,2.63
15,3,19.552,7.821,0.8,2.63
15,3,19.552,7.821,0.8283,2.66
15,3,19.552,7.821,0.8519,2.72
15,3,19.552,7.821,0.8771,2.72
15,3,19.552,7.821,0.8999,2.66
15,3,19.552,7.821,0.9253,2.64
15,3,19.552,7.821,0.9505,2.66
15,3,19.552,7.821,0.9765,2.66
15,3,19.552,7.821,1.0003,2.62
15,3,19.552,7.821,1.0248,2.61
15,3,19.552,7.821,1.0532,2.68
15,3,19.552,7.821,1.0751,2.68
15,3,19.552,7.821,1.1003,2.64
15,3,19.552,7.821,1.1255,2.61
15,3,19.552,7.821,1.1501,2.54
15,3,19.552,7.744,1.1762,2.34
15,3,19.552,7.744,1.2003,1.89
15,3,19.629,7.668,1.225,1.07
15,3,19.629,7.668,1.2501,0.28
16,1,18.709,30.9,0,0.51
16,1,18.709,30.517,0.0248,0.72
16,1,18.709,29.29,0.0491,0.79
16,1,18.632,28.063,0.0755,0.85
16,1,18.556,26.913,0.102,0.93
16,1,18.556,24.69,0.1243,1
16,1,18.556,22.849,0.1526,1.04
16,1,18.479,21.163,0.1751,1.05
16,1,18.479,19.706,0.2035,1.1
16,1,18.479,18.326,0.2244,1.14
16,1,18.479,16.255,0.2492,1.16
16,1,18.479,14.875,0.2759,1.17
16,1,18.479,13.878,0.2993,1.17
16,1,18.402,12.498,0.3252,1.2
16,1,18.402,11.501,0.3492,1.22
16,1,18.326,10.811,0.3747,1.22
16,1,18.326,9.738,0.3992,1.22
16,1,18.326,9.048,0.4246,1.24
16,1,18.326,8.511,0.4515,1.25
16,1,18.326,7.974,0.4744,1.26
16,1,18.326,7.744,0.4998,1.25
16,1,18.326,7.591,0.5268,1.24
16,1,18.326,7.284,0.5533,1.24
16,1,18.326,6.978,0.5743,1.23
16,1,18.326,6.901,0.5997,1.05
16,1,18.326,6.901,0.6242,0.7
16,1,18.326,6.901,0.6494,0.3
16,1,18.326,6.901,0.6761,0.1
16,1,18.326,6.901,0.8742,0.12
16,1,18.326,6.901,0.8994,0.21
16,1,18.326,6.901,0.9243,0.26
16,1,18.326,6.901,0.9511,0.29
16,1,18.326,6.901,0.9743,0.3
16,1,18.326,6.901,0.9999,0.29
16,1,18.326,6.901,1.0249,0.28
16,1,18.326,6.901,1.0505,0.31
16,1,18.326,6.901,1.0749,0.35
16,1,18.326,6.901,1.0993,0.38
16,1,18.326,6.901,1.1243,0.38
16,1,18.326,6.901,1.1515,0.38
16,2,18.862,33.431,0,0.38
16,2,18.862,33.431,0.0248,0.61
16,2,18.862,33.354,0.0497,0.76
16,2,18.862,32.587,0.0743,0.8
16,2,18.862,31.897,0.0998,0.81
16,2,18.709,29.444,0.1272,0.89
16,2,18.709,26.837,0.1492,0.99
16,2,18.786,24.996,0.1746,1.04
16,2,18.786,22.159,0.2,1.07
16,2,18.786,19.936,0.2249,1.13
16,2,18.709,18.249,0.2514,1.2
16,2,18.709,15.872,0.2742,1.26
16,2,18.556,13.342,0.3038,1.3
16,2,18.556,12.191,0.3255,1.32
16,2,18.479,10.965,0.3495,1.39
16,2,18.479,9.815,0.3751,1.42
16,2,18.479,9.431,0.3995,1.36
16,2,18.479,8.818,0.4256,1.31
16,2,18.479,8.511,0.4498,1.18
16,2,18.632,8.358,0.4765,0.82
16,2,18.632,8.358,0.4992,0.33
16,2,18.632,8.358,0.5247,0.11
16,2,18.632,8.358,0.5497,0.1
16,2,18.632,8.358,0.7243,0.23
16,2,18.632,8.358,0.7494,0.31
16,2,18.632,8.358,0.7748,0.34
16,2,18.632,8.358,0.7994,0.37
16,2,18.632,8.358,0.8241,0.41
16,2,18.632,8.358,0.8493,0.43
16,2,18.632,8.358,0.8754,0.43
16,2,18.632,8.358,0.8997,0.42
16,2,18.632,8.358,0.9243,0.42
16,2,18.632,8.358,0.9497,0.44
16,2,18.632,8.358,0.976,0.47
16,2,18.632,8.358,1.0009,0.49
16,2,18.632,8.358,1.0241,0.49
16,2,18.632,8.358,1.0495,0.51
16,3,18.786,33.431,0,0.74
16,3,18.786,33.431,0.0233,0.96
16,3,18.786,33.431,0.0488,1.05
16,3,18.786,33.277,0.0737,1.1
16,3,18.632,32.434,0.0995,1.17
16,3,18.556,31.284,0.1234,1.26
16,3,18.632,28.677,0.1488,1.3
16,3,18.402,26.3,0.174,1.28
16,3,18.402,24.306,0.2023,1.26
16,3,18.479,23.156,0.2242,1.27
16,3,18.479,20.779,0.2486,1.27
16,3,18.326,18.632,0.2763,1.27
16,3,18.172,17.252,0.2984,1.28
16,3,18.096,15.795,0.328,1.31
16,3,18.096,14.415,0.3483,1.31
16,3,17.942,12.805,0.3734,1.32
16,3,17.942,11.808,0.3992,1.33
16,3,17.942,11.425,0.4235,1.33
16,3,17.942,10.581,0.4489,1.31
16,3,17.942,9.891,0.4733,1.31
16,3,17.942,9.738,0.4988,1.31
16,3,17.942,9.508,0.5237,1.22
16,3,17.942,9.508,0.5485,0.97
16,3,17.942,9.508,0.574,0.53
16,3,17.942,9.508,0.5982,0.22
16,3,17.942,9.508,0.6246,0.16
16,3,17.942,9.508,1.2024,0.14
17,1,20.319,31.744,0,0.2
17,1,20.319,31.744,0.025,0.2
17,1,20.319,31.744,0.0503,0.18
17,1,18.556,31.36,0.6999,0.19
17,1,18.556,31.36,0.725,0.48
17,1,18.556,31.36,0.7498,0.67
17,1,18.556,31.36,0.7757,0.69
17,1,18.556,31.36,0.7997,0.77
17,1,18.556,31.36,0.8282,0.9
17,1,18.556,31.36,0.8499,0.93
17,1,18.556,31.284,0.8747,1.04
17,1,18.556,31.054,0.9002,1.12
17,1,18.556,30.824,0.9248,1.18
17,1,18.479,30.134,0.9503,1.21
17,1,18.402,29.674,0.975,1.22
17,1,18.249,28.83,1.0002,1.25
17,1,18.249,28.37,1.0248,1.28
17,1,18.249,28.14,1.0497,1.3
17,1,18.249,27.68,1.0747,1.32
17,1,18.249,27.22,1.0999,1.32
17,1,18.172,26.683,1.1251,1.32
17,1,18.172,25.84,1.1498,1.33
17,1,18.172,24.92,1.176,1.34
17,1,18.172,24.46,1.2015,1.34
17,1,18.172,23.923,1.2262,1.37
17,1,18.172,23.386,1.2498,1.37
17,1,18.249,23.003,1.2759,1.37
17,1,18.402,22.083,1.3016,1.38
17,1,18.402,21.239,1.3253,1.38
17,1,18.402,20.703,1.3521,1.38
17,1,18.402,20.166,1.3755,1.37
17,1,18.402,19.782,1.4004,1.36
17,1,18.402,19.552,1.425,1.36
17,1,18.402,19.246,1.4497,1.36
17,1,18.479,18.786,1.4752,1.37
17,1,18.556,18.402,1.5001,1.37
17,1,18.556,17.712,1.5253,1.39
17,1,18.556,17.099,1.55,1.4
17,1,18.556,16.255,1.5751,1.4
17,1,18.556,15.719,1.5997,1.41
17,1,18.556,15.259,1.6265,1.42
17,1,18.556,14.798,1.6508,1.43
17,1,18.556,13.878,1.675,1.44
17,1,18.556,13.418,1.6997,1.44
17,1,18.556,12.728,1.7254,1.44
17,1,18.556,12.115,1.75,1.44
17,1,18.556,11.808,1.7752,1.44
17,1,18.556,11.425,1.7998,1.44
17,1,18.556,11.118,1.8254,1.44
17,1,18.556,10.888,1.8501,1.45
17,1,18.556,10.505,1.8752,1.45
17,1,18.556,10.045,1.8997,1.45
17,1,18.556,9.738,1.9251,1.46
17,1,18.556,9.354,1.9502,1.47
17,1,18.556,9.124,1.9751,1.48
17,1,18.556,8.971,1.9999,1.49
17,1,18.556,8.894,2.0247,1.5
17,1,18.556,8.894,2.0501,1.52
17,1,18.556,8.894,2.075,1.54
17,1,18.556,8.894,2.1043,1.56
17,1,18.556,8.894,2.1247,1.57
17,1,18.556,8.894,2.15,1.57
17,1,18.556,8.894,2.1752,1.56
17,1,18.556,8.894,2.2009,1.55
17,1,18.556,8.894,2.2248,1.57
17,1,18.556,8.894,2.2503,1.58
17,1,18.556,8.894,2.2793,1.58
17,1,18.556,8.894,2.3003,1.59
17,1,18.556,8.894,2.3248,1.58
17,1,18.556,8.894,2.3498,1.56
17,1,18.556,8.894,2.3755,1.5
17,1,18.556,8.894,2.4009,1.38
17,1,18.556,8.971,2.4259,1.14
17,1,18.556,8.971,2.4509,0.62
17,1,18.556,8.971,2.4748,0.13
17,2,19.092,31.744,0,0.13
17,2,19.092,31.744,0.0267,0.3
17,2,19.092,31.744,0.0503,0.46
17,2,19.092,31.744,0.075,0.54
17,2,19.092,31.744,0.0999,0.64
17,2,19.092,31.744,0.1253,0.79
17,2,19.092,31.744,0.151,0.97
17,2,19.092,31.744,0.175,1.04
17,2,19.092,31.744,0.2017,1.11
17,2,19.092,31.744,0.2253,1.19
17,2,19.092,31.744,0.2504,1.28
17,2,19.092,31.744,0.2765,1.33
17,2,19.092,31.744,0.3002,1.33
17,2,19.092,31.744,0.3261,1.34
17,2,19.092,31.744,0.3512,1.36
17,2,19.092,31.744,0.3755,1.36
17,2,19.092,31.667,0.4001,1.36
17,2,19.092,31.437,0.4249,1.36
17,2,19.016,31.207,0.4507,1.37
17,2,18.939,30.9,0.4759,1.39
17,2,18.862,30.364,0.5,1.38
17,2,18.709,29.827,0.5248,1.37
17,2,18.556,29.06,0.5534,1.36
17,2,18.556,28.6,0.5751,1.36
17,2,18.556,27.987,0.6001,1.35
17,2,18.556,27.603,0.6249,1.34
17,2,18.556,26.837,0.6504,1.34
17,2,18.632,25.993,0.6759,1.34
17,2,18.632,25.38,0.7003,1.33
17,2,18.632,24.383,0.7261,1.33
17,2,18.632,24,0.7497,1.32
17,2,18.632,23.463,0.7772,1.31
17,2,18.786,22.619,0.8011,1.31
17,2,18.862,22.006,0.8251,1.31
17,2,18.862,21.163,0.8499,1.32
17,2,18.862,20.166,0.876,1.33
17,2,18.862,19.782,0.9011,1.33
17,2,18.862,19.092,0.9256,1.33
17,2,18.862,18.019,0.95,1.33
17,2,18.786,17.022,0.9765,1.34
17,2,18.786,16.332,1.0007,1.34
17,2,18.786,15.719,1.0268,1.35
17,2,18.786,15.335,1.0499,1.35
17,2,18.786,14.492,1.0768,1.35
17,2,18.786,13.648,1.1002,1.35
17,2,18.709,12.805,1.1318,1.37
17,2,18.632,12.268,1.1502,1.38
17,2,18.632,11.655,1.1749,1.37
17,2,18.632,11.348,1.2023,1.37
17,2,18.632,10.888,1.2261,1.36
17,2,18.632,10.428,1.2558,1.35
17,2,18.632,10.121,1.2752,1.35
17,2,18.632,9.738,1.2999,1.36
17,2,18.632,9.278,1.3258,1.35
17,2,18.632,8.971,1.3508,1.33
17,2,18.632,8.741,1.3754,1.33
17,2,18.632,8.588,1.3998,1.33
17,2,18.632,8.588,1.4261,1.33
17,2,18.632,8.588,1.4504,1.32
17,2,18.632,8.588,1.4766,1.33
17,2,18.632,8.588,1.5,1.32
17,2,18.632,8.511,1.5256,1.33
17,2,18.632,8.511,1.5505,1.33
17,2,18.632,8.511,1.5751,1.34
17,2,18.632,8.511,1.6001,1.34
17,2,18.632,8.511,1.6261,1.35
17,2,18.632,8.511,1.6566,1.36
17,2,18.632,8.511,1.6749,1.37
17,2,18.632,8.511,1.7002,1.38
17,2,18.632,8.511,1.7252,1.38
17,2,18.632,8.511,1.7518,1.37
17,2,18.632,8.511,1.7761,1.37
17,2,18.632,8.511,1.7998,1.36
17,2,18.632,8.511,1.8251,1.34
17,2,18.632,8.511,1.8511,1.32
17,2,18.632,8.511,1.8753,1.28
17,2,18.632,8.511,1.9001,1.05
17,2,18.632,8.511,1.9249,0.51
17,3,17.865,31.974,0,0.19
17,3,17.865,31.974,0.0279,0.32
17,3,17.865,31.974,0.0491,0.4
17,3,17.865,31.974,0.0739,0.55
17,3,17.865,31.974,0.1005,0.67
17,3,17.865,31.974,0.1244,0.8
17,3,17.865,31.974,0.149,0.89
17,3,17.865,31.974,0.174,0.95
17,3,17.865,31.974,0.1997,1.01
17,3,17.865,31.974,0.2242,1.03
17,3,17.865,31.974,0.2507,1.03
17,3,17.865,31.974,0.2743,1.03
17,3,17.865,31.974,0.2999,1.03
17,3,17.865,31.974,0.3245,1.05
17,3,17.865,31.974,0.3493,1.07
17,3,17.865,31.974,0.3762,1.09
17,3,17.865,31.974,0.399,1.11
17,3,17.789,31.821,0.4246,1.14
17,3,17.789,31.59,0.4493,1.16
17,3,17.789,31.437,0.474,1.18
17,3,17.789,31.054,0.4998,1.2
17,3,17.789,30.364,0.5247,1.24
17,3,17.712,29.827,0.5498,1.28
17,3,17.712,28.83,0.5743,1.3
17,3,17.712,28.217,0.5994,1.3
17,3,17.712,27.45,0.6242,1.3
17,3,17.712,26.3,0.6493,1.3
17,3,17.712,25.533,0.6741,1.31
17,3,17.712,24.383,0.6991,1.32
17,3,17.712,23.616,0.7281,1.35
17,3,17.712,23.003,0.749,1.36
17,3,17.789,22.006,0.7764,1.36
17,3,17.789,21.009,0.7989,1.34
17,3,17.789,20.396,0.8239,1.35
17,3,17.789,19.859,0.851,1.36
17,3,17.789,19.246,0.8742,1.39
17,3,17.789,18.479,0.904,1.4
17,3,17.789,17.942,0.9239,1.4
17,3,17.789,17.022,0.9547,1.41
17,3,17.712,16.409,0.974,1.41
17,3,17.712,15.795,0.9993,1.42
17,3,17.712,15.335,1.0245,1.44
17,3,17.712,14.875,1.0494,1.45
17,3,17.712,14.185,1.0756,1.46
17,3,17.712,13.418,1.0993,1.46
17,3,17.712,12.882,1.126,1.47
17,3,17.712,12.191,1.1495,1.48
17,3,17.712,11.731,1.1755,1.49
17,3,17.712,11.425,1.1997,1.49
17,3,17.712,11.118,1.2239,1.49
17,3,17.712,10.965,1.2491,1.49
17,3,17.712,10.735,1.2745,1.49
17,3,17.712,10.581,1.3003,1.48
17,3,17.712,10.505,1.3249,1.48
17,3,17.712,10.428,1.349,1.49
17,3,17.712,10.198,1.3742,1.49
17,3,17.712,10.121,1.3998,1.47
17,3,17.712,10.121,1.4261,1.47
17,3,17.712,10.121,1.449,1.47
17,3,17.712,10.121,1.4792,1.46
17,3,17.712,10.121,1.4994,1.44
17,3,17.712,10.121,1.5242,1.43
17,3,17.712,10.121,1.5497,1.43
17,3,17.712,10.121,1.5739,1.43
17,3,17.712,10.121,1.6,1.42
17,3,17.712,10.121,1.6241,1.42
17,3,17.712,10.121,1.6522,1.42
17,3,17.712,10.121,1.6741,1.42
17,3,17.712,10.121,1.7035,1.45
17,3,17.712,10.121,1.7243,1.46
17,3,17.712,10.121,1.7495,1.46
17,3,17.712,10.121,1.7745,1.46
17,3,17.712,10.121,1.7995,1.45
17,3,17.712,10.121,1.8253,1.45
17,3,17.712,10.121,1.8493,1.46
17,3,17.712,10.121,1.8756,1.49
17,3,17.712,10.121,1.899,1.48
17,3,17.712,10.121,1.9239,1.47
17,3,17.712,10.121,1.9497,1.48
17,3,17.712,10.121,1.9741,1.51
17,3,17.712,10.121,2.0015,1.49
17,3,17.712,10.121,2.0243,1.47
17,3,17.712,10.121,2.0561,1.4
17,3,17.712,10.045,2.0739,1.27
17,3,17.789,10.045,2.099,0.84
17,3,17.789,10.045,2.1259,0.25
18,1,18.479,31.744,0,0.73
18,1,18.479,31.744,0.0244,0.91
18,1,18.479,31.744,0.0505,0.98
18,1,18.479,31.744,0.0754,1.07
18,1,18.479,31.744,0.099,1.26
18,1,18.479,31.744,0.1241,1.42
18,1,18.479,31.744,0.1502,1.6
18,1,18.479,31.744,0.1744,1.73
18,1,18.479,31.744,0.1988,1.8
18,1,18.479,31.744,0.2248,1.89
18,1,18.479,31.59,0.2493,2.01
18,1,18.556,31.207,0.2743,2.04
18,1,18.556,30.747,0.2991,2.05
18,1,18.709,30.134,0.3244,2.09
18,1,18.709,29.29,0.3503,2.12
18,1,18.709,28.677,0.3742,2.16
18,1,18.709,27.987,0.399,2.16
18,1,18.709,27.297,0.4253,2.1
18,1,18.709,26.76,0.4517,2.08
18,1,18.709,25.763,0.4741,2.09
18,1,18.632,24.996,0.4993,2.11
18,1,18.632,24.076,0.5248,2.11
18,1,18.632,23.386,0.5496,2.11
18,1,18.632,22.773,0.5746,2.11
18,1,18.556,21.546,0.5997,2.1
18,1,18.402,20.396,0.631,2.1
18,1,18.402,19.629,0.6505,2.1
18,1,18.402,19.092,0.6741,2.1
18,1,18.402,17.865,0.6989,2.07
18,1,18.326,17.252,0.7255,2.04
18,1,18.326,16.562,0.7503,2.04
18,1,18.249,15.872,0.7745,2.05
18,1,18.249,15.489,0.8023,2.05
18,1,18.249,15.182,0.8243,2.03
18,1,18.249,14.722,0.8498,1.98
18,1,18.249,14.338,0.8745,1.98
18,1,18.326,13.572,0.8993,1.98
18,1,18.326,12.728,0.9248,1.97
18,1,18.326,12.268,0.9494,1.96
18,1,18.326,11.808,0.9773,1.95
18,1,18.326,11.425,0.9991,1.93
18,1,18.326,11.271,1.0242,1.91
18,1,18.326,11.041,1.0502,1.91
18,1,18.326,10.811,1.0744,1.92
18,1,18.326,10.581,1.0992,1.9
18,1,18.326,10.351,1.1253,1.86
18,1,18.326,10.121,1.1504,1.83
18,1,18.326,10.045,1.1742,1.82
18,1,18.326,9.968,1.1993,1.83
18,1,18.326,9.738,1.2257,1.84
18,1,18.326,9.661,1.2491,1.83
18,1,18.326,9.584,1.2747,1.78
18,1,18.326,9.584,1.3005,1.79
18,1,18.326,9.431,1.326,1.82
18,1,18.326,9.201,1.3495,1.81
18,1,18.326,9.124,1.3754,1.79
18,1,18.326,9.124,1.3996,1.78
18,1,18.326,8.971,1.4244,1.79
18,1,18.326,8.818,1.4501,1.8
18,1,18.326,8.741,1.4743,1.8
18,1,18.326,8.741,1.502,1.81
18,1,18.326,8.741,1.5242,1.82
18,1,18.326,8.741,1.5521,1.86
18,1,18.326,8.741,1.575,1.84
18,1,18.326,8.741,1.5996,1.67
18,1,18.402,8.741,1.6253,1.18
18,1,18.402,8.741,1.6492,0.47
18,1,18.402,8.741,1.6753,0.13
18,1,18.402,8.741,1.6991,0.11
18,1,18.402,8.741,2.1499,0.1
18,1,18.402,8.741,2.1741,0.13
18,1,18.402,8.741,2.1994,0.15
18,1,18.402,8.741,2.2247,0.17
18,1,18.402,8.741,2.2562,0.22
18,1,18.402,8.741,2.2743,0.24
18,1,18.402,8.741,2.2993,0.25
18,1,18.402,8.741,2.3243,0.26
18,1,18.402,8.741,2.3494,0.27
18,1,18.402,8.741,2.3745,0.27
18,1,18.402,8.741,2.3988,0.27
18,1,18.402,8.741,2.4247,0.28
18,1,18.402,8.741,2.4495,0.29
18,1,18.402,8.741,2.4753,0.29
18,1,18.402,8.741,2.4996,0.29
18,1,18.402,8.741,2.5245,0.29
18,1,18.402,8.741,2.5502,0.29
18,1,18.402,8.741,2.5741,0.28
18,1,18.402,8.741,2.6037,0.28
18,1,18.402,8.741,2.6244,0.27
18,1,18.402,8.741,2.653,0.28
18,1,18.402,8.741,2.6745,0.3
18,1,18.402,8.741,2.6992,0.3
18,1,18.402,8.741,2.7254,0.32
18,1,18.402,8.741,2.7491,0.35
18,1,18.402,8.741,2.775,0.38
18,2,18.709,32.127,0,0.41
18,2,18.709,32.127,0.0252,0.5
18,2,18.786,32.204,0.0503,0.81
18,2,18.939,32.281,0.0751,1.13
18,2,18.939,32.281,0.1003,1.33
18,2,18.939,32.281,0.1255,1.39
18,2,18.939,32.281,0.1499,1.52
18,2,18.939,32.281,0.175,1.71
18,2,18.939,32.281,0.2014,1.78
18,2,18.939,32.281,0.2252,1.82
18,2,18.939,32.281,0.2528,1.9
18,2,18.939,32.281,0.2752,1.99
18,2,19.016,32.204,0.3004,2.04
18,2,19.092,31.974,0.3261,2.09
18,2,19.092,31.667,0.3502,2.13
18,2,19.092,30.67,0.3794,2.14
18,2,19.092,29.52,0.4007,2.14
18,2,18.939,28.83,0.4262,2.15
18,2,18.786,27.987,0.4503,2.18
18,2,18.709,26.837,0.4751,2.16
18,2,18.709,25.993,0.5008,2.14
18,2,18.632,24.69,0.5247,2.13
18,2,18.479,23.77,0.5503,2.13
18,2,18.479,23.156,0.5754,2.11
18,2,18.402,22.006,0.5997,2.1
18,2,18.326,20.933,0.6248,2.1
18,2,18.326,20.242,0.6497,2.1
18,2,18.326,19.629,0.6763,2.1
18,2,18.326,18.862,0.7001,2.11
18,2,18.326,18.249,0.7261,2.11
18,2,18.249,17.405,0.75,2.1
18,2,18.249,16.485,0.7778,2.09
18,2,18.249,15.949,0.7999,2.08
18,2,18.249,15.412,0.8247,2.06
18,2,18.249,14.798,0.8514,2.05
18,2,18.249,14.338,0.8756,2.06
18,2,18.249,13.878,0.9018,2.05
18,2,18.249,13.648,0.9262,2.03
18,2,18.249,13.112,0.9536,2.04
18,2,18.249,12.422,0.9753,2.06
18,2,18.249,12.115,1.0004,2.05
18,2,18.249,11.731,1.0248,2
18,2,18.249,11.501,1.0505,2
18,2,18.249,11.271,1.076,2.01
18,2,18.249,11.041,1.1002,2.01
18,2,18.249,10.811,1.1251,2.01
18,2,18.249,10.581,1.1497,2.01
18,2,18.249,10.198,1.1754,2
18,2,18.249,9.738,1.2009,1.98
18,2,18.249,9.661,1.2248,1.96
18,2,18.249,9.431,1.2506,1.95
18,2,18.249,9.431,1.2752,1.95
18,2,18.249,9.354,1.3002,1.96
18,2,18.249,9.124,1.3248,1.95
18,2,18.249,9.124,1.3519,1.93
18,2,18.249,9.124,1.3757,1.91
18,2,18.249,9.124,1.4,1.94
18,2,18.249,9.124,1.425,1.96
18,2,18.249,9.124,1.4502,1.96
18,2,18.249,9.124,1.4798,1.98
18,2,18.249,9.124,1.5005,2
18,2,18.249,9.124,1.5247,2.01
18,2,18.249,8.894,1.5512,2.02
18,2,18.249,8.741,1.5764,2.04
18,2,18.249,8.664,1.6012,2.05
18,2,18.249,8.664,1.6247,2.03
18,2,18.249,8.588,1.6522,1.95
18,2,18.249,8.588,1.6755,1.91
18,2,18.249,8.588,1.7007,1.86
18,2,18.249,8.588,1.7248,1.67
18,2,18.249,8.588,1.7516,1.02
18,2,18.249,8.588,1.7758,0.28
18,2,18.249,8.588,2.8501,0.11
18,2,18.249,8.588,2.8761,0.15
19,1,20.242,34.581,0,0.18
19,1,19.782,34.581,0.0253,0.4
19,1,19.399,34.504,0.0505,0.46
19,1,18.939,33.431,0.077,0.42
19,1,18.709,32.511,0.0996,0.38
19,1,18.479,31.284,0.1248,0.39
19,1,18.326,30.21,0.1512,0.39
19,1,18.249,28.523,0.175,0.45
19,1,18.249,26.683,0.1995,0.46
19,1,18.172,25.38,0.2245,0.46
19,1,18.172,24.153,0.2506,0.46
19,1,18.096,23.003,0.2748,0.47
19,1,17.942,21.623,0.3008,0.47
19,1,17.865,20.166,0.3245,0.48
19,1,17.865,19.476,0.3507,0.49
19,1,17.789,18.939,0.376,0.49
19,1,17.712,17.482,0.3997,0.49
19,1,17.635,16.179,0.4276,0.48
19,1,17.635,15.642,0.4497,0.48
19,1,17.635,14.952,0.4774,0.46
19,1,17.635,14.338,0.4999,0.47
19,1,17.559,13.112,0.5246,0.52
19,1,17.559,12.115,0.5504,0.53
19,1,17.559,11.655,0.576,0.51
19,1,17.559,11.348,0.6001,0.5
19,1,17.559,10.888,0.6249,0.51
19,1,17.482,10.351,0.6521,0.52
19,1,17.482,10.045,0.675,0.52
19,1,17.405,9.661,0.6997,0.52
19,1,17.405,9.508,0.7246,0.52
19,1,17.405,9.278,0.7496,0.53
19,1,17.405,9.048,0.7752,0.55
19,1,17.405,8.971,0.8001,0.57
19,1,17.405,8.971,0.8263,0.59
19,1,17.405,8.971,0.8495,0.65
19,1,17.405,8.971,0.8767,0.71
19,1,17.405,8.971,0.9002,0.75
19,1,17.405,8.971,0.9246,0.75
19,1,17.405,8.971,0.9513,0.73
19,1,17.405,8.971,0.9757,0.6
19,1,17.635,9.048,1.0055,0.36
19,1,17.635,9.048,1.0246,0.11
19,2,19.246,32.971,0,0.13
19,2,19.246,32.971,0.0255,0.34
19,2,19.322,32.817,0.0497,0.4
19,2,19.706,31.821,0.0754,0.35
19,2,20.012,29.52,0.1,0.36
19,2,20.012,27.527,0.1275,0.39
19,2,19.936,25.686,0.1497,0.43
19,2,20.012,23.233,0.1756,0.43
19,2,20.166,21.316,0.2003,0.42
19,2,20.242,19.476,0.2247,0.42
19,2,20.319,16.945,0.2505,0.44
19,2,20.319,15.872,0.2752,0.47
19,2,20.319,13.878,0.3071,0.48
19,2,20.319,12.958,0.3249,0.48
19,2,20.396,12.038,0.3498,0.48
19,2,20.242,11.195,0.3751,0.5
19,2,20.242,10.581,0.4001,0.51
19,2,20.242,10.198,0.4266,0.5
19,2,20.089,9.508,0.4497,0.49
19,2,20.089,8.818,0.4789,0.51
19,2,20.089,8.511,0.5,0.52
19,2,20.012,8.051,0.5275,0.51
19,2,20.012,7.668,0.5499,0.48
19,2,20.012,7.591,0.5747,0.46
19,2,20.012,7.438,0.6011,0.46
19,2,20.012,7.361,0.6254,0.47
19,2,20.012,7.361,0.65,0.47
19,2,20.012,7.361,0.6749,0.47
19,2,20.012,7.361,0.7009,0.46
19,2,20.012,7.361,0.7255,0.44
19,2,20.012,7.361,0.75,0.45
19,2,20.012,7.361,0.7749,0.45
19,2,20.012,7.361,0.7998,0.42
19,2,20.089,7.361,0.8263,0.33
19,2,20.089,7.361,0.85,0.14
19,3,19.552,33.891,0,0.19
19,3,19.552,33.891,0.026,0.39
19,3,19.782,32.817,0.0515,0.47
19,3,20.089,31.13,0.0765,0.45
19,3,20.396,28.14,0.0999,0.43
19,3,20.549,25.226,0.126,0.44
19,3,20.549,23.923,0.1516,0.48
19,3,20.626,21.239,0.1754,0.53
19,3,20.626,19.322,0.2026,0.55
19,3,20.549,17.252,0.2267,0.58
19,3,20.472,15.259,0.2534,0.59
19,3,20.396,13.878,0.275,0.59
19,3,20.396,12.345,0.3,0.59
19,3,20.396,11.271,0.3261,0.58
19,3,20.319,10.505,0.3501,0.58
19,3,20.319,9.508,0.3753,0.57
19,3,20.319,8.894,0.4,0.55
19,3,20.319,8.588,0.425,0.55
19,3,20.319,8.358,0.4516,0.58
19,3,20.319,8.281,0.4752,0.61
19,3,20.319,8.281,0.5009,0.58
19,3,20.319,8.281,0.5249,0.55
19,3,20.319,8.281,0.5514,0.56
19,3,20.319,8.281,0.5751,0.55
19,3,20.396,8.281,0.6034,0.43
19,3,20.396,8.281,0.6252,0.18
20,1,19.552,31.36,0,0.18
20,1,19.552,31.36,0.0252,0.31
20,1,19.552,31.36,0.0496,0.34
20,1,19.476,31.36,0.0759,0.37
20,1,19.476,31.36,0.1,0.45
20,1,19.476,31.36,0.1265,0.5
20,1,19.399,31.36,0.1503,0.53
20,1,19.246,31.36,0.1757,0.58
20,1,19.246,31.36,0.201,0.71
20,1,19.246,31.36,0.2251,0.81
20,1,19.246,31.36,0.2506,0.95
20,1,19.246,31.36,0.2752,1
20,1,19.246,31.36,0.3002,1.11
20,1,19.246,31.36,0.3269,1.29
20,1,19.246,31.36,0.3505,1.34
20,1,19.246,31.36,0.3754,1.37
20,1,19.246,31.36,0.3998,1.42
20,1,19.246,31.207,0.4302,1.49
20,1,19.246,30.67,0.4501,1.51
20,1,19.246,30.287,0.475,1.48
20,1,19.322,29.904,0.5007,1.46
20,1,19.322,29.52,0.525,1.49
20,1,19.322,28.753,0.5501,1.53
20,1,19.246,28.14,0.575,1.53
20,1,19.246,27.987,0.6004,1.47
20,1,19.246,27.68,0.6251,1.46
20,1,19.246,27.297,0.6508,1.55
20,1,19.246,26.837,0.6748,1.56
20,1,19.246,26.07,0.6999,1.54
20,1,19.246,25.226,0.7263,1.53
20,1,19.016,24.383,0.7522,1.56
20,1,19.016,23.77,0.7818,1.58
20,1,18.939,23.386,0.8003,1.57
20,1,18.862,22.773,0.8247,1.54
20,1,18.709,21.776,0.8503,1.54
20,1,18.709,20.703,0.875,1.56
20,1,18.709,20.242,0.9019,1.59
20,1,18.709,19.782,0.9255,1.59
20,1,18.709,19.322,0.9562,1.59
20,1,18.709,19.092,0.9774,1.59
20,1,18.709,18.632,1.0008,1.6
20,1,18.709,17.865,1.0253,1.61
20,1,18.709,17.252,1.0503,1.61
20,1,18.632,16.409,1.0749,1.6
20,1,18.632,15.872,1.1004,1.6
20,1,18.632,15.565,1.1284,1.61
20,1,18.632,15.259,1.1496,1.62
20,1,18.632,14.875,1.1819,1.62
20,1,18.632,14.568,1.2,1.61
20,1,18.632,14.108,1.2249,1.6
20,1,18.632,13.725,1.2508,1.61
20,1,18.632,13.035,1.2755,1.62
20,1,18.632,12.422,1.3007,1.62
20,1,18.632,12.115,1.3249,1.59
20,1,18.632,11.731,1.3498,1.6
20,1,18.632,11.501,1.3754,1.63
20,1,18.632,11.348,1.4005,1.63
20,1,18.632,11.118,1.4255,1.6
20,1,18.632,10.888,1.4497,1.59
20,1,18.632,10.735,1.4791,1.59
20,1,18.632,10.735,1.4999,1.59
20,1,18.632,10.735,1.5282,1.59
20,1,18.632,10.735,1.5499,1.63
20,1,18.632,10.505,1.5746,1.65
20,1,18.632,10.505,1.6003,1.63
20,1,18.632,10.505,1.6255,1.6
20,1,18.632,10.505,1.6499,1.64
20,1,18.632,10.428,1.6751,1.72
20,1,18.632,10.198,1.7064,1.71
20,1,18.632,10.121,1.7252,1.69
20,1,18.632,9.968,1.7502,1.73
20,1,18.632,9.584,1.7749,1.78
20,1,18.632,9.354,1.7996,1.79
20,1,18.632,9.201,1.8258,1.76
20,1,18.632,9.048,1.8501,1.77
20,1,18.632,9.048,1.8767,1.81
20,1,18.632,9.048,1.9001,1.82
20,1,18.632,9.048,1.9276,1.83
20,1,18.632,9.048,1.9505,1.86
20,1,18.632,9.048,1.975,1.88
20,1,18.632,9.048,1.9998,1.81
20,1,18.632,9.048,2.025,1.7
20,1,18.632,9.048,2.0507,1.5
20,1,18.632,9.048,2.0749,0.98
20,1,18.632,9.048,2.0997,0.31
20,1,18.632,9.048,3.3999,0.1
20,2,18.326,32.434,0,0.16
20,2,18.326,32.434,0.0239,0.25
20,2,18.326,32.434,0.0486,0.29
20,2,18.402,32.511,0.0743,0.32
20,2,18.479,32.511,0.099,0.38
20,2,18.479,32.511,0.1238,0.47
20,2,18.479,32.511,0.1485,0.65
20,2,18.479,32.511,0.1738,0.8
20,2,18.479,32.511,0.1995,0.85
20,2,18.479,32.511,0.2239,0.98
20,2,18.479,32.511,0.2521,1.17
20,2,18.479,32.511,0.2739,1.2
20,2,18.479,32.511,0.3005,1.21
20,2,18.479,32.511,0.3237,1.28
20,2,18.479,32.357,0.3493,1.38
20,2,18.479,32.204,0.3753,1.4
20,2,18.479,32.051,0.3989,1.4
20,2,18.479,31.59,0.4241,1.42
20,2,18.402,30.977,0.4486,1.47
20,2,18.402,30.287,0.4794,1.57
20,2,18.402,29.904,0.4989,1.57
20,2,18.249,28.984,0.5243,1.57
20,2,18.249,28.523,0.5488,1.57
20,2,18.249,27.987,0.5736,1.63
20,2,18.249,27.45,0.5991,1.66
20,2,18.249,26.99,0.624,1.68
20,2,18.249,26.3,0.6518,1.71
20,2,18.249,25.456,0.6737,1.73
20,2,18.249,24.843,0.699,1.77
20,2,18.249,24.306,0.7255,1.77
20,2,18.249,24,0.7489,1.75
20,2,18.326,23.616,0.7739,1.72
20,2,18.326,23.156,0.7994,1.72
20,2,18.326,22.696,0.8264,1.74
20,2,18.326,22.466,0.8489,1.76
20,2,18.326,22.159,0.8737,1.77
20,2,18.326,21.929,0.8984,1.78
20,2,18.326,21.393,0.9245,1.82
20,2,18.402,20.933,0.9493,1.82
20,2,18.402,20.626,0.9745,1.82
20,2,18.402,20.166,0.9989,1.85
20,2,18.479,19.782,1.024,1.88
20,2,18.479,19.322,1.0515,1.9
20,2,18.479,19.092,1.0739,1.91
20,2,18.479,18.632,1.0988,1.94
20,2,18.556,18.019,1.1257,1.96
20,2,18.556,17.559,1.1487,1.97
20,2,18.556,17.022,1.1743,1.97
20,2,18.556,16.562,1.1986,1.96
20,2,18.556,16.025,1.2238,1.95
20,2,18.556,15.642,1.2493,1.97
20,2,18.556,15.489,1.274,1.98
20,2,18.556,15.182,1.2993,1.98
20,2,18.556,14.875,1.3237,2.01
20,2,18.556,14.722,1.3494,2.03
20,2,18.556,14.415,1.375,2.03
20,2,18.556,13.955,1.4056,2
20,2,18.632,13.648,1.4237,2.02
20,2,18.632,13.112,1.4486,2.03
20,2,18.709,12.575,1.4825,2.02
20,2,18.709,12.191,1.4991,2.02
20,2,18.709,11.731,1.5237,2.04
20,2,18.709,11.501,1.5485,2.06
20,2,18.786,11.195,1.5789,2.04
20,2,18.786,11.041,1.599,2.04
20,2,18.786,10.888,1.6242,2.06
20,2,18.786,10.505,1.6491,2.1
20,2,18.786,10.275,1.6735,2.08
20,2,18.862,10.121,1.6986,2.09
20,2,19.016,9.661,1.7238,2.13
20,2,19.016,9.278,1.7505,2.14
20,2,19.016,9.124,1.7742,2.09
20,2,19.016,8.971,1.799,2.07
20,2,19.016,8.971,1.8242,2.14
20,2,19.016,8.971,1.8488,2.17
20,2,19.016,8.971,1.8766,2.12
20,2,19.016,8.971,1.8986,2.08
20,2,19.016,8.971,1.9241,2.12
20,2,19.016,8.971,1.9489,2.19
20,2,19.016,8.971,1.9736,2.22
20,2,19.016,8.971,1.9987,2.27
20,2,19.016,8.971,2.0236,2.3
20,2,19.016,8.971,2.0512,2.35
20,2,19.016,8.971,2.0741,2.41
20,2,19.016,8.971,2.1012,2.4
20,2,19.016,8.971,2.1268,2.23
20,2,19.092,8.971,2.1544,1.61
20,2,19.092,8.971,2.1739,1.21
20,2,19.092,8.971,2.199,0.37
20,3,18.249,32.511,0,0.16
20,3,18.096,32.511,0.026,0.41
20,3,18.096,32.511,0.0498,0.47
20,3,18.096,32.511,0.0748,0.62
20,3,18.096,32.511,0.1014,0.8
20,3,18.096,32.511,0.1252,0.85
20,3,18.019,32.511,0.1555,0.9
20,3,18.019,32.511,0.1748,1.13
20,3,18.019,32.511,0.1994,1.41
20,3,18.019,32.511,0.2247,1.52
20,3,18.019,32.511,0.2497,1.57
20,3,17.942,32.281,0.2747,1.6
20,3,17.942,32.127,0.2994,1.63
20,3,17.942,31.974,0.3253,1.68
20,3,17.942,31.744,0.3497,1.79
20,3,17.942,31.437,0.3747,1.89
20,3,17.942,30.9,0.4007,1.96
20,3,18.019,30.134,0.4248,1.98
20,3,18.019,29.75,0.4504,1.98
20,3,18.019,29.29,0.4786,2
20,3,17.942,28.907,0.5,2.06
20,3,17.942,28.293,0.5244,2.1
20,3,17.942,28.063,0.5507,2.11
20,3,17.942,27.603,0.5764,2.11
20,3,17.942,26.913,0.5993,2.14
20,3,17.942,26.453,0.6245,2.19
20,3,17.942,25.916,0.65,2.21
20,3,17.942,25.226,0.6817,2.26
20,3,17.865,24.766,0.6998,2.27
20,3,17.865,24.23,0.7244,2.29
20,3,17.865,24,0.7498,2.32
20,3,17.865,23.77,0.7745,2.37
20,3,17.865,23.233,0.8002,2.38
20,3,17.865,22.849,0.825,2.38
20,3,17.865,22.389,0.8505,2.38
20,3,17.865,22.006,0.8743,2.37
20,3,17.865,21.853,0.901,2.37
20,3,17.865,21.699,0.9244,2.37
20,3,17.865,21.239,0.9494,2.38
20,3,17.865,20.933,0.9754,2.39
20,3,17.865,20.626,0.9997,2.43
20,3,17.865,20.396,1.0254,2.44
20,3,17.865,20.089,1.0498,2.44
20,3,17.865,19.782,1.0746,2.46
20,3,17.865,19.552,1.1005,2.45
20,3,17.865,19.322,1.1258,2.44
20,3,17.865,18.709,1.1498,2.44
20,3,17.865,17.865,1.1743,2.46
20,3,17.865,17.405,1.2024,2.47
20,3,17.865,17.099,1.2246,2.46
20,3,17.865,16.409,1.2494,2.46
20,3,17.865,16.025,1.2743,2.5
20,3,17.865,15.642,1.2996,2.51
20,3,17.942,15.259,1.3258,2.48
20,3,17.942,15.105,1.3495,2.45
20,3,17.942,14.875,1.3747,2.46
20,3,18.172,14.415,1.4058,2.45
20,3,18.249,13.802,1.4295,2.45
20,3,18.249,13.495,1.4496,2.47
20,3,18.326,13.188,1.4752,2.48
20,3,18.479,12.728,1.4996,2.48
20,3,18.479,12.345,1.5247,2.49
20,3,18.556,12.038,1.5503,2.51
20,3,18.786,11.655,1.5744,2.52
20,3,18.862,11.271,1.6018,2.48
20,3,18.862,11.118,1.6264,2.45
20,3,18.862,10.888,1.6521,2.46
20,3,19.016,10.428,1.6745,2.51
20,3,19.016,10.121,1.6996,2.52
20,3,19.016,9.815,1.7256,2.49
20,3,19.016,9.661,1.7496,2.49
20,3,19.016,9.661,1.7746,2.53
20,3,19.092,9.431,1.7999,2.54
20,3,19.092,9.201,1.8243,2.5
20,3,19.092,9.048,1.8495,2.48
20,3,19.092,9.048,1.8746,2.5
20,3,19.169,8.894,1.9001,2.57
20,3,19.169,8.588,1.9246,2.58
20,3,19.246,8.358,1.9501,2.54
20,3,19.246,8.281,1.9749,2.47
20,3,19.246,8.281,2.0013,2.51
20,3,19.246,8.281,2.0243,2.62
20,3,19.246,8.281,2.0528,2.57
20,3,19.246,8.281,2.0754,2.53
20,3,19.246,8.281,2.0996,2.58
20,3,19.246,8.281,2.1247,2.62
20,3,19.246,8.281,2.1493,2.6
20,3,19.246,8.281,2.1769,2.53
20,3,19.246,8.281,2.2002,2.42
20,3,19.246,8.281,2.2244,2.29
20,3,19.246,8.204,2.2496,1.95
20,3,19.246,8.204,2.2744,1.03
20,3,19.246,8.204,2.3003,0.2
20,3,19.246,8.204,3.6245,0.12
21,1,19.782,31.514,0,0.19
21,1,19.782,31.514,0.0258,0.45
21,1,19.782,31.514,0.0588,0.56
21,1,19.782,31.514,0.0755,0.63
21,1,19.782,31.514,0.0999,0.73
21,1,19.782,31.514,0.1248,0.85
21,1,19.782,31.514,0.1498,0.95
21,1,19.782,31.284,0.1759,1.05
21,1,19.782,30.9,0.2005,1.11
21,1,19.782,29.904,0.2268,1.16
21,1,19.782,28.677,0.2504,1.2
21,1,19.782,28.14,0.279,1.28
21,1,19.782,27.22,0.3001,1.32
21,1,19.936,26.07,0.326,1.41
21,1,20.089,25.15,0.3514,1.45
21,1,20.319,23.846,0.3749,1.48
21,1,20.472,22.773,0.4003,1.53
21,1,20.626,21.239,0.4247,1.56
21,1,20.703,20.012,0.454,1.62
21,1,20.779,19.322,0.4751,1.67
21,1,20.856,17.712,0.5,1.71
21,1,21.009,16.562,0.5249,1.73
21,1,21.009,16.025,0.5516,1.74
21,1,21.009,15.412,0.576,1.76
21,1,20.933,14.492,0.6,1.78
21,1,20.856,13.802,0.6255,1.82
21,1,20.856,13.035,0.6502,1.86
21,1,20.626,12.268,0.6758,1.91
21,1,20.626,11.808,0.7005,1.99
21,1,20.472,11.195,0.7248,2
21,1,20.472,10.735,0.7513,1.98
21,1,20.396,10.428,0.7757,1.97
21,1,20.166,9.815,0.8065,1.98
21,1,20.166,9.584,0.8262,1.98
21,1,20.166,9.431,0.8499,1.95
21,1,20.166,9.278,0.8755,1.88
21,1,20.166,9.278,0.9003,1.78
21,1,20.166,9.201,0.9265,1.69
21,1,20.549,8.358,0.9498,1.42
21,1,20.549,8.358,0.975,0.81
21,1,20.549,8.358,1.0006,0.21
21,2,17.942,31.744,0,0.23
21,2,17.942,31.744,0.025,0.44
21,2,17.942,31.744,0.0495,0.51
21,2,17.942,31.744,0.0743,0.63
21,2,17.942,31.59,0.102,0.71
21,2,17.942,31.36,0.1243,0.84
21,2,17.942,30.21,0.1493,0.95
21,2,17.942,29.29,0.175,0.98
21,2,17.942,28.14,0.2008,0.99
21,2,17.865,26.453,0.2254,1.01
21,2,17.865,25.15,0.2496,1.06
21,2,17.865,24,0.2739,1.09
21,2,17.865,23.003,0.2997,1.12
21,2,17.865,21.776,0.3247,1.18
21,2,17.865,20.242,0.3499,1.22
21,2,18.096,19.322,0.374,1.23
21,2,18.249,18.709,0.3991,1.24
21,2,18.249,17.482,0.4241,1.28
21,2,18.249,16.255,0.449,1.34
21,2,18.249,15.795,0.474,1.38
21,2,18.249,15.259,0.4992,1.39
21,2,18.326,14.338,0.5249,1.41
21,2,18.326,13.648,0.5497,1.43
21,2,18.326,12.882,0.5747,1.44
21,2,18.326,12.038,0.6001,1.44
21,2,18.326,11.655,0.6251,1.44
21,2,18.326,11.118,0.6489,1.47
21,2,18.326,10.811,0.6739,1.48
21,2,18.326,10.351,0.7018,1.49
21,2,18.326,10.045,0.7256,1.52
21,2,18.326,9.738,0.75,1.54
21,2,18.326,9.584,0.7742,1.54
21,2,18.326,9.201,0.8046,1.55
21,2,18.326,8.971,0.8242,1.58
21,2,18.326,8.664,0.854,1.59
21,2,18.326,8.434,0.8751,1.58
21,2,18.326,8.434,0.8991,1.51
21,2,18.326,8.434,0.9243,1.4
21,2,18.326,8.434,0.9514,1.14
21,2,18.402,8.434,0.9755,0.68
21,2,18.402,8.434,0.9987,0.22
21,3,19.629,31.207,0,0.22
21,3,19.629,31.207,0.0239,0.42
21,3,19.629,31.207,0.0511,0.58
21,3,19.629,31.207,0.076,0.79
21,3,19.629,30.977,0.1005,0.93
21,3,19.629,30.594,0.1244,1.02
21,3,19.629,29.367,0.1526,1.1
21,3,19.629,28.14,0.1741,1.16
21,3,19.552,26.913,0.2031,1.16
21,3,19.476,25.84,0.2249,1.17
21,3,19.399,24.46,0.2489,1.22
21,3,19.246,23.923,0.2747,1.29
21,3,19.092,22.466,0.2998,1.3
21,3,19.016,20.703,0.3254,1.27
21,3,19.016,19.936,0.3492,1.26
21,3,18.939,18.632,0.3794,1.3
21,3,18.862,17.865,0.3993,1.31
21,3,18.862,16.869,0.4241,1.33
21,3,18.862,15.795,0.4509,1.36
21,3,18.862,14.875,0.475,1.35
21,3,18.862,14.415,0.5005,1.31
21,3,18.862,13.802,0.5242,1.3
21,3,18.862,13.112,0.5492,1.33
21,3,18.862,12.805,0.5764,1.36
21,3,18.862,12.345,0.6004,1.35
21,3,18.862,11.808,0.6245,1.35
21,3,18.862,11.578,0.6494,1.38
21,3,18.862,11.118,0.6748,1.43
21,3,18.862,10.811,0.6991,1.44
21,3,18.862,10.581,0.7304,1.44
21,3,18.862,10.275,0.7492,1.45
21,3,18.862,9.968,0.7742,1.46
21,3,18.862,9.738,0.8001,1.46
21,3,18.862,9.508,0.8245,1.37
21,3,18.862,9.354,0.8489,1.24
21,3,19.016,8.818,0.8739,1.17
21,3,19.246,8.204,0.9,1.09
21,3,19.246,7.974,0.9243,0.86
21,3,19.246,7.974,0.9493,0.4
22,1,18.709,32.971,0,0.16
22,1,18.709,33.047,0.0243,0.3
22,1,18.709,33.047,0.0499,0.43
22,1,18.709,33.047,0.0739,0.53
22,1,18.709,32.971,0.0986,0.71
22,1,18.479,32.281,0.1237,0.88
22,1,18.326,31.59,0.1489,1.15
22,1,18.019,29.674,0.1745,1.31
22,1,17.789,28.14,0.1987,1.41
22,1,17.635,26.76,0.2246,1.44
22,1,17.635,24.613,0.2491,1.45
22,1,17.559,22.926,0.2752,1.54
22,1,17.635,21.546,0.2988,1.63
22,1,17.712,20.012,0.3241,1.66
22,1,17.865,19.016,0.349,1.68
22,1,18.019,17.022,0.3744,1.71
22,1,18.019,16.025,0.4022,1.72
22,1,18.019,15.642,0.4236,1.73
22,1,18.096,15.028,0.4489,1.79
22,1,18.249,14.262,0.474,1.81
22,1,18.326,13.802,0.4992,1.77
22,1,18.326,13.342,0.5237,1.76
22,1,18.326,12.805,0.5496,1.76
22,1,18.402,12.038,0.5761,1.79
22,1,18.402,11.731,0.5989,1.79
22,1,18.402,11.348,0.6253,1.76
22,1,18.402,11.195,0.6493,1.66
22,1,18.402,10.965,0.6755,1.57
22,1,18.402,10.505,0.6993,1.54
22,1,18.402,10.351,0.7237,1.52
22,1,18.402,10.198,0.7527,1.36
22,1,18.402,10.198,0.774,1.25
22,1,18.402,10.198,0.7997,1.04
22,1,18.402,10.198,0.8247,0.91
22,1,18.402,10.198,0.849,0.61
22,1,18.402,10.198,0.8743,0.18
22,2,17.789,32.051,0,0.22
22,2,17.789,32.204,0.022,0.4
22,2,17.789,32.357,0.051,0.47
22,2,18.019,32.587,0.0709,0.54
22,2,18.019,32.587,0.0954,0.64
22,2,18.096,32.511,0.1212,0.85
22,2,18.402,31.821,0.1462,1.1
22,2,18.786,30.747,0.1711,1.19
22,2,19.399,28.6,0.1957,1.19
22,2,19.782,26.223,0.2222,1.18
22,2,20.012,24.613,0.2461,1.17
22,2,20.166,22.773,0.2708,1.18
22,2,20.242,20.626,0.296,1.19
22,2,20.166,19.782,0.3204,1.2
22,2,19.859,17.865,0.346,1.19
22,2,19.629,16.639,0.3709,1.19
22,2,19.476,16.025,0.3976,1.19
22,2,19.322,15.105,0.4223,1.21
22,2,19.246,13.878,0.4458,1.21
22,2,19.246,13.418,0.4719,1.21
22,2,19.246,12.422,0.4958,1.25
22,2,19.246,11.731,0.5213,1.31
22,2,19.246,11.348,0.546,1.31
22,2,19.246,10.888,0.5711,1.34
22,2,19.322,10.351,0.5962,1.36
22,2,19.399,10.045,0.6208,1.35
22,2,19.399,9.738,0.6454,1.33
22,2,19.399,9.508,0.6706,1.32
22,2,19.399,9.048,0.6967,1.32
22,2,19.399,8.511,0.7207,1.29
22,2,19.399,8.204,0.7481,1.27
22,2,19.399,8.051,0.7706,1.22
22,2,19.399,7.821,0.7979,1.16
22,2,19.399,7.668,0.8207,1.09
22,2,19.399,7.668,0.8458,0.97
22,2,19.399,7.668,0.871,0.73
22,2,19.399,7.668,0.8962,0.36
22,3,18.096,33.124,0,0.23
22,3,18.096,33.124,0.0255,0.43
22,3,18.326,32.894,0.0505,0.44
22,3,18.632,32.664,0.0753,0.43
22,3,18.939,32.357,0.1004,0.49
22,3,19.169,31.897,0.1254,0.64
22,3,19.322,31.207,0.1502,0.72
22,3,19.476,30.517,0.1757,0.74
22,3,19.629,29.214,0.2,0.73
22,3,19.629,28.063,0.2252,0.73
22,3,19.476,27.22,0.2507,0.76
22,3,19.246,25.226,0.2753,0.8
22,3,19.016,23.923,0.3022,0.83
22,3,18.862,22.926,0.3255,0.91
22,3,18.786,21.393,0.356,0.93
22,3,18.556,20.089,0.3755,0.91
22,3,18.402,19.399,0.4002,0.88
22,3,18.096,17.865,0.4257,0.89
22,3,17.942,16.485,0.4509,0.94
22,3,17.942,15.872,0.4763,0.99
22,3,18.019,14.645,0.5006,1.02
22,3,18.096,13.955,0.5252,0.99
22,3,18.096,13.112,0.5505,0.95
22,3,18.096,12.038,0.5754,0.97
22,3,18.096,11.195,0.602,1
22,3,18.096,10.581,0.6257,1
22,3,18.096,9.891,0.6515,0.99
22,3,18.096,9.431,0.6759,1
22,3,17.942,8.281,0.7057,0.99
22,3,17.942,7.898,0.7265,0.98
22,3,17.942,7.668,0.7509,0.96
22,3,17.942,7.438,0.7756,0.96
22,3,17.942,7.208,0.8004,0.93
22,3,17.942,7.054,0.8269,0.87
22,3,17.942,6.978,0.85,0.84
22,3,17.942,6.978,0.8757,0.7
22,3,17.942,6.978,0.9006,0.5
22,3,17.865,6.978,0.9253,0.25
